
/home/runner/work/exp-simulation-control-systems-iitkgp/exp-simulation-control-systems-iitkgp/experiment/simulation/js/cs.js
     8:10   warning  'problem1' is defined but never used             no-unused-vars
    37:10   warning  'problem2' is defined but never used             no-unused-vars
    65:10   warning  'problem3' is defined but never used             no-unused-vars
    93:10   warning  'problem4' is defined but never used             no-unused-vars
   123:10   warning  'tostep' is defined but never used               no-unused-vars
   129:10   warning  'toimpulse' is defined but never used            no-unused-vars
   151:14   warning  'math' is not defined                            no-undef
   151:32   warning  'math' is not defined                            no-undef
   151:42   warning  'math' is not defined                            no-undef
   151:59   warning  'math' is not defined                            no-undef
   152:11   warning  'math' is not defined                            no-undef
   154:10   warning  'math' is not defined                            no-undef
   154:22   warning  'math' is not defined                            no-undef
   154:36   warning  'math' is not defined                            no-undef
   157:10   warning  'math' is not defined                            no-undef
   157:22   warning  'math' is not defined                            no-undef
   160:10   warning  'math' is not defined                            no-undef
   160:24   warning  'math' is not defined                            no-undef
   167:10   warning  'math' is not defined                            no-undef
   167:26   warning  'math' is not defined                            no-undef
   167:35   warning  'math' is not defined                            no-undef
   171:8    warning  'math' is not defined                            no-undef
   171:24   warning  'math' is not defined                            no-undef
   171:33   warning  'math' is not defined                            no-undef
   172:8    warning  'math' is not defined                            no-undef
   172:24   warning  'math' is not defined                            no-undef
   172:33   warning  'math' is not defined                            no-undef
   182:9    warning  't' is already defined                           no-redeclare
   184:13   warning  'math' is not defined                            no-undef
   184:22   warning  'math' is not defined                            no-undef
   184:30   warning  'math' is not defined                            no-undef
   185:10   warning  'math' is not defined                            no-undef
   185:27   warning  'math' is not defined                            no-undef
   185:43   warning  'math' is not defined                            no-undef
   203:9    warning  't' is already defined                           no-redeclare
   204:10   warning  'math' is not defined                            no-undef
   204:28   warning  'math' is not defined                            no-undef
   204:38   warning  'math' is not defined                            no-undef
   204:55   warning  'math' is not defined                            no-undef
   205:13   warning  'math' is not defined                            no-undef
   206:14   warning  'math' is not defined                            no-undef
   206:23   warning  'math' is not defined                            no-undef
   206:31   warning  'math' is not defined                            no-undef
   207:13   warning  'math' is not defined                            no-undef
   207:23   warning  'math' is not defined                            no-undef
   207:40   warning  'math' is not defined                            no-undef
   209:10   warning  'math' is not defined                            no-undef
   209:27   warning  'math' is not defined                            no-undef
   209:41   warning  'math' is not defined                            no-undef
   209:68   warning  'math' is not defined                            no-undef
   209:77   warning  'math' is not defined                            no-undef
   209:86   warning  'math' is not defined                            no-undef
   214:5    warning  'wd' is already defined                          no-redeclare
   214:10   warning  'math' is not defined                            no-undef
   214:28   warning  'math' is not defined                            no-undef
   214:38   warning  'math' is not defined                            no-undef
   214:55   warning  'math' is not defined                            no-undef
   215:5    warning  'theta' is already defined                       no-redeclare
   215:13   warning  'math' is not defined                            no-undef
   216:5    warning  'rootz' is already defined                       no-redeclare
   216:13   warning  'math' is not defined                            no-undef
   216:23   warning  'math' is not defined                            no-undef
   216:40   warning  'math' is not defined                            no-undef
   218:16   warning  'math' is not defined                            no-undef
   218:25   warning  'math' is not defined                            no-undef
   218:33   warning  'math' is not defined                            no-undef
   219:16   warning  'math' is not defined                            no-undef
   219:25   warning  'math' is not defined                            no-undef
   219:33   warning  'math' is not defined                            no-undef
   220:16   warning  'math' is not defined                            no-undef
   220:25   warning  'math' is not defined                            no-undef
   220:33   warning  'math' is not defined                            no-undef
   222:7    warning  'math' is not defined                            no-undef
   222:24   warning  'math' is not defined                            no-undef
   222:38   warning  'math' is not defined                            no-undef
   222:67   warning  'math' is not defined                            no-undef
   222:76   warning  'math' is not defined                            no-undef
   222:85   warning  'math' is not defined                            no-undef
   223:7    warning  'math' is not defined                            no-undef
   223:24   warning  'math' is not defined                            no-undef
   223:38   warning  'math' is not defined                            no-undef
   223:67   warning  'math' is not defined                            no-undef
   223:76   warning  'math' is not defined                            no-undef
   223:85   warning  'math' is not defined                            no-undef
   224:7    warning  'math' is not defined                            no-undef
   224:24   warning  'math' is not defined                            no-undef
   224:38   warning  'math' is not defined                            no-undef
   224:67   warning  'math' is not defined                            no-undef
   224:76   warning  'math' is not defined                            no-undef
   224:85   warning  'math' is not defined                            no-undef
   236:10   warning  'math' is not defined                            no-undef
   236:24   warning  'math' is not defined                            no-undef
   236:33   warning  'math' is not defined                            no-undef
   236:42   warning  'math' is not defined                            no-undef
   236:54   warning  'math' is not defined                            no-undef
   236:73   warning  'math' is not defined                            no-undef
   236:83   warning  'math' is not defined                            no-undef
   236:93   warning  'math' is not defined                            no-undef
   236:110  warning  'math' is not defined                            no-undef
   242:18   warning  'CanvasJS' is not defined                        no-undef
   245:2    warning  Mixed spaces and tabs                            no-mixed-spaces-and-tabs
   246:1    warning  Mixed spaces and tabs                            no-mixed-spaces-and-tabs
   248:1    warning  Mixed spaces and tabs                            no-mixed-spaces-and-tabs
   249:1    warning  Mixed spaces and tabs                            no-mixed-spaces-and-tabs
   251:1    warning  Mixed spaces and tabs                            no-mixed-spaces-and-tabs
   252:1    warning  Mixed spaces and tabs                            no-mixed-spaces-and-tabs
   257:1    warning  Mixed spaces and tabs                            no-mixed-spaces-and-tabs
   268:1    warning  Mixed spaces and tabs                            no-mixed-spaces-and-tabs
   276:1    warning  Mixed spaces and tabs                            no-mixed-spaces-and-tabs
   284:1    warning  Mixed spaces and tabs                            no-mixed-spaces-and-tabs
   294:1    warning  Mixed spaces and tabs                            no-mixed-spaces-and-tabs
   301:1    warning  Mixed spaces and tabs                            no-mixed-spaces-and-tabs
   308:1    warning  Mixed spaces and tabs                            no-mixed-spaces-and-tabs
   340:10   warning  'math' is not defined                            no-undef
   340:27   warning  'math' is not defined                            no-undef
   340:36   warning  'math' is not defined                            no-undef
   349:9    warning  't' is already defined                           no-redeclare
   351:13   warning  'math' is not defined                            no-undef
   351:22   warning  'math' is not defined                            no-undef
   351:30   warning  'math' is not defined                            no-undef
   352:10   warning  'math' is not defined                            no-undef
   352:24   warning  'math' is not defined                            no-undef
   360:9    warning  't' is already defined                           no-redeclare
   361:10   warning  'math' is not defined                            no-undef
   361:28   warning  'math' is not defined                            no-undef
   361:38   warning  'math' is not defined                            no-undef
   361:55   warning  'math' is not defined                            no-undef
   362:5    warning  'theta' is assigned a value but never used       no-unused-vars
   362:13   warning  'math' is not defined                            no-undef
   363:14   warning  'math' is not defined                            no-undef
   363:23   warning  'math' is not defined                            no-undef
   363:31   warning  'math' is not defined                            no-undef
   364:13   warning  'math' is not defined                            no-undef
   364:23   warning  'math' is not defined                            no-undef
   364:40   warning  'math' is not defined                            no-undef
   366:10   warning  'math' is not defined                            no-undef
   366:24   warning  'math' is not defined                            no-undef
   366:51   warning  'math' is not defined                            no-undef
   366:60   warning  'math' is not defined                            no-undef
   377:18   warning  'CanvasJS' is not defined                        no-undef
   380:2    warning  Mixed spaces and tabs                            no-mixed-spaces-and-tabs
   381:1    warning  Mixed spaces and tabs                            no-mixed-spaces-and-tabs
   383:1    warning  Mixed spaces and tabs                            no-mixed-spaces-and-tabs
   384:1    warning  Mixed spaces and tabs                            no-mixed-spaces-and-tabs
   386:1    warning  Mixed spaces and tabs                            no-mixed-spaces-and-tabs
   387:1    warning  Mixed spaces and tabs                            no-mixed-spaces-and-tabs
   392:1    warning  Mixed spaces and tabs                            no-mixed-spaces-and-tabs
   420:10   warning  'rootloci' is defined but never used             no-unused-vars
   430:16   warning  'math' is not defined                            no-undef
   430:28   warning  'math' is not defined                            no-undef
   435:13   warning  'math' is not defined                            no-undef
   451:18   warning  'CanvasJS' is not defined                        no-undef
   457:1    warning  Mixed spaces and tabs                            no-mixed-spaces-and-tabs
   459:1    warning  Mixed spaces and tabs                            no-mixed-spaces-and-tabs
   460:1    warning  Mixed spaces and tabs                            no-mixed-spaces-and-tabs
   462:1    warning  Mixed spaces and tabs                            no-mixed-spaces-and-tabs
   463:1    warning  Mixed spaces and tabs                            no-mixed-spaces-and-tabs
   470:1    warning  Mixed spaces and tabs                            no-mixed-spaces-and-tabs
   482:1    warning  Mixed spaces and tabs                            no-mixed-spaces-and-tabs
   490:1    warning  Mixed spaces and tabs                            no-mixed-spaces-and-tabs
   498:1    warning  Mixed spaces and tabs                            no-mixed-spaces-and-tabs
   506:1    warning  Mixed spaces and tabs                            no-mixed-spaces-and-tabs
   514:1    warning  Mixed spaces and tabs                            no-mixed-spaces-and-tabs
   522:1    warning  Mixed spaces and tabs                            no-mixed-spaces-and-tabs
   528:1    warning  Mixed spaces and tabs                            no-mixed-spaces-and-tabs
   539:1    warning  Mixed spaces and tabs                            no-mixed-spaces-and-tabs
   552:1    warning  Mixed spaces and tabs                            no-mixed-spaces-and-tabs
   566:1    warning  Mixed spaces and tabs                            no-mixed-spaces-and-tabs
   576:1    warning  Mixed spaces and tabs                            no-mixed-spaces-and-tabs
   596:1    warning  Mixed spaces and tabs                            no-mixed-spaces-and-tabs
   608:1    warning  Mixed spaces and tabs                            no-mixed-spaces-and-tabs
   626:13   warning  'math' is not defined                            no-undef
   636:15   warning  'math' is not defined                            no-undef
   636:32   warning  'math' is not defined                            no-undef
   636:46   warning  'math' is not defined                            no-undef
   636:73   warning  'math' is not defined                            no-undef
   637:15   warning  'math' is not defined                            no-undef
   637:32   warning  'math' is not defined                            no-undef
   637:46   warning  'math' is not defined                            no-undef
   637:73   warning  'math' is not defined                            no-undef
   638:15   warning  'math' is not defined                            no-undef
   638:32   warning  'math' is not defined                            no-undef
   638:46   warning  'math' is not defined                            no-undef
   638:73   warning  'math' is not defined                            no-undef
   641:13   warning  'math' is not defined                            no-undef
   641:34   warning  'math' is not defined                            no-undef
   641:43   warning  'math' is not defined                            no-undef
   641:50   warning  'math' is not defined                            no-undef
   642:13   warning  'math' is not defined                            no-undef
   642:34   warning  'math' is not defined                            no-undef
   642:43   warning  'math' is not defined                            no-undef
   642:50   warning  'math' is not defined                            no-undef
   643:13   warning  'math' is not defined                            no-undef
   643:34   warning  'math' is not defined                            no-undef
   643:43   warning  'math' is not defined                            no-undef
   643:50   warning  'math' is not defined                            no-undef
   645:15   warning  'math' is not defined                            no-undef
   645:31   warning  'math' is not defined                            no-undef
   656:18   warning  'CanvasJS' is not defined                        no-undef
   659:2    warning  Mixed spaces and tabs                            no-mixed-spaces-and-tabs
   660:1    warning  Mixed spaces and tabs                            no-mixed-spaces-and-tabs
   662:1    warning  Mixed spaces and tabs                            no-mixed-spaces-and-tabs
   663:1    warning  Mixed spaces and tabs                            no-mixed-spaces-and-tabs
   665:1    warning  Mixed spaces and tabs                            no-mixed-spaces-and-tabs
   666:1    warning  Mixed spaces and tabs                            no-mixed-spaces-and-tabs
   671:1    warning  Mixed spaces and tabs                            no-mixed-spaces-and-tabs
   702:13   warning  'math' is not defined                            no-undef
   712:17   warning  'math' is not defined                            no-undef
   712:34   warning  'math' is not defined                            no-undef
   712:48   warning  'math' is not defined                            no-undef
   712:71   warning  'math' is not defined                            no-undef
   712:94   warning  'math' is not defined                            no-undef
   713:15   warning  'math' is not defined                            no-undef
   713:32   warning  'math' is not defined                            no-undef
   713:52   warning  'math' is not defined                            no-undef
   713:79   warning  'math' is not defined                            no-undef
   714:15   warning  'math' is not defined                            no-undef
   714:32   warning  'math' is not defined                            no-undef
   714:52   warning  'math' is not defined                            no-undef
   714:79   warning  'math' is not defined                            no-undef
   715:15   warning  'math' is not defined                            no-undef
   715:32   warning  'math' is not defined                            no-undef
   715:52   warning  'math' is not defined                            no-undef
   715:79   warning  'math' is not defined                            no-undef
   718:13   warning  'math' is not defined                            no-undef
   718:34   warning  'math' is not defined                            no-undef
   718:43   warning  'math' is not defined                            no-undef
   718:50   warning  'math' is not defined                            no-undef
   719:13   warning  'math' is not defined                            no-undef
   719:34   warning  'math' is not defined                            no-undef
   719:43   warning  'math' is not defined                            no-undef
   719:50   warning  'math' is not defined                            no-undef
   720:13   warning  'math' is not defined                            no-undef
   720:34   warning  'math' is not defined                            no-undef
   720:43   warning  'math' is not defined                            no-undef
   720:50   warning  'math' is not defined                            no-undef
   722:15   warning  'math' is not defined                            no-undef
   722:31   warning  'math' is not defined                            no-undef
   733:18   warning  'CanvasJS' is not defined                        no-undef
   736:2    warning  Mixed spaces and tabs                            no-mixed-spaces-and-tabs
   737:1    warning  Mixed spaces and tabs                            no-mixed-spaces-and-tabs
   739:1    warning  Mixed spaces and tabs                            no-mixed-spaces-and-tabs
   740:1    warning  Mixed spaces and tabs                            no-mixed-spaces-and-tabs
   742:1    warning  Mixed spaces and tabs                            no-mixed-spaces-and-tabs
   743:1    warning  Mixed spaces and tabs                            no-mixed-spaces-and-tabs
   748:1    warning  Mixed spaces and tabs                            no-mixed-spaces-and-tabs
   776:10   warning  'DC_Motor' is defined but never used             no-unused-vars
   783:9    warning  'math' is not defined                            no-undef
   783:26   warning  'math' is not defined                            no-undef
   788:10   warning  'math' is not defined                            no-undef
   788:25   warning  'math' is not defined                            no-undef
   788:34   warning  'math' is not defined                            no-undef
   788:54   warning  'math' is not defined                            no-undef
   789:12   warning  'math' is not defined                            no-undef
   789:24   warning  'math' is not defined                            no-undef
   789:44   warning  'math' is not defined                            no-undef
   789:53   warning  'math' is not defined                            no-undef
   789:73   warning  'math' is not defined                            no-undef
   793:9    warning  'math' is not defined                            no-undef
   793:23   warning  'math' is not defined                            no-undef
   793:45   warning  'math' is not defined                            no-undef
   793:61   warning  'math' is not defined                            no-undef
   793:70   warning  'math' is not defined                            no-undef
   793:78   warning  'math' is not defined                            no-undef
   795:10   warning  'math' is not defined                            no-undef
   795:24   warning  'math' is not defined                            no-undef
   795:48   warning  'math' is not defined                            no-undef
   798:5    warning  'N' is assigned a value but never used           no-unused-vars
   798:9    warning  'math' is not defined                            no-undef
   798:21   warning  'math' is not defined                            no-undef
   798:45   warning  'math' is not defined                            no-undef
   798:61   warning  'math' is not defined                            no-undef
   800:10   warning  'math' is not defined                            no-undef
   800:22   warning  'math' is not defined                            no-undef
   803:9    warning  'math' is not defined                            no-undef
   806:10   warning  'math' is not defined                            no-undef
   823:18   warning  'CanvasJS' is not defined                        no-undef
   826:2    warning  Mixed spaces and tabs                            no-mixed-spaces-and-tabs
   827:1    warning  Mixed spaces and tabs                            no-mixed-spaces-and-tabs
   829:1    warning  Mixed spaces and tabs                            no-mixed-spaces-and-tabs
   830:1    warning  Mixed spaces and tabs                            no-mixed-spaces-and-tabs
   832:1    warning  Mixed spaces and tabs                            no-mixed-spaces-and-tabs
   833:1    warning  Mixed spaces and tabs                            no-mixed-spaces-and-tabs
   838:1    warning  Mixed spaces and tabs                            no-mixed-spaces-and-tabs
   865:10   warning  'Bode' is defined but never used                 no-unused-vars
   878:14   warning  'math' is not defined                            no-undef
   880:13   warning  'math' is not defined                            no-undef
   881:13   warning  'math' is not defined                            no-undef
   882:12   warning  'math' is not defined                            no-undef
   882:22   warning  'math' is not defined                            no-undef
   883:12   warning  'math' is not defined                            no-undef
   884:14   warning  'math' is not defined                            no-undef
   884:31   warning  'math' is not defined                            no-undef
   886:13   warning  'math' is not defined                            no-undef
   886:27   warning  'math' is not defined                            no-undef
   886:41   warning  'math' is not defined                            no-undef
   886:58   warning  'math' is not defined                            no-undef
   886:74   warning  'math' is not defined                            no-undef
   886:85   warning  'math' is not defined                            no-undef
   886:99   warning  'math' is not defined                            no-undef
   886:109  warning  'math' is not defined                            no-undef
   886:131  warning  'math' is not defined                            no-undef
   886:147  warning  'math' is not defined                            no-undef
   893:12   warning  'math' is not defined                            no-undef
   894:17   warning  'math' is not defined                            no-undef
   896:16   warning  'math' is not defined                            no-undef
   897:16   warning  'math' is not defined                            no-undef
   898:15   warning  'math' is not defined                            no-undef
   898:25   warning  'math' is not defined                            no-undef
   899:16   warning  'math' is not defined                            no-undef
   900:10   warning  'math' is not defined                            no-undef
   901:12   warning  'math' is not defined                            no-undef
   901:29   warning  'math' is not defined                            no-undef
   904:17   warning  'math' is not defined                            no-undef
   905:13   warning  'math' is not defined                            no-undef
   906:12   warning  'math' is not defined                            no-undef
   907:12   warning  'math' is not defined                            no-undef
   907:26   warning  'math' is not defined                            no-undef
   907:40   warning  'math' is not defined                            no-undef
   907:56   warning  'math' is not defined                            no-undef
   907:72   warning  'math' is not defined                            no-undef
   907:83   warning  'math' is not defined                            no-undef
   907:97   warning  'math' is not defined                            no-undef
   907:107  warning  'math' is not defined                            no-undef
   907:128  warning  'math' is not defined                            no-undef
   907:144  warning  'math' is not defined                            no-undef
   909:10   warning  'math' is not defined                            no-undef
   919:18   warning  'CanvasJS' is not defined                        no-undef
   925:1    warning  Mixed spaces and tabs                            no-mixed-spaces-and-tabs
   927:1    warning  Mixed spaces and tabs                            no-mixed-spaces-and-tabs
   928:1    warning  Mixed spaces and tabs                            no-mixed-spaces-and-tabs
   930:1    warning  Mixed spaces and tabs                            no-mixed-spaces-and-tabs
   931:1    warning  Mixed spaces and tabs                            no-mixed-spaces-and-tabs
   932:2    warning  Mixed spaces and tabs                            no-mixed-spaces-and-tabs
   937:1    warning  Mixed spaces and tabs                            no-mixed-spaces-and-tabs
   951:1    warning  Mixed spaces and tabs                            no-mixed-spaces-and-tabs
   962:19   warning  'CanvasJS' is not defined                        no-undef
   968:1    warning  Mixed spaces and tabs                            no-mixed-spaces-and-tabs
   970:1    warning  Mixed spaces and tabs                            no-mixed-spaces-and-tabs
   971:1    warning  Mixed spaces and tabs                            no-mixed-spaces-and-tabs
   973:1    warning  Mixed spaces and tabs                            no-mixed-spaces-and-tabs
   974:1    warning  Mixed spaces and tabs                            no-mixed-spaces-and-tabs
   975:2    warning  Mixed spaces and tabs                            no-mixed-spaces-and-tabs
   980:1    warning  Mixed spaces and tabs                            no-mixed-spaces-and-tabs
   994:1    warning  Mixed spaces and tabs                            no-mixed-spaces-and-tabs
  1009:10   warning  'Nyquist' is defined but never used              no-unused-vars
  1023:14   warning  'math' is not defined                            no-undef
  1025:13   warning  'math' is not defined                            no-undef
  1026:13   warning  'math' is not defined                            no-undef
  1027:12   warning  'math' is not defined                            no-undef
  1027:22   warning  'math' is not defined                            no-undef
  1028:12   warning  'math' is not defined                            no-undef
  1031:13   warning  'math' is not defined                            no-undef
  1031:22   warning  'math' is not defined                            no-undef
  1031:36   warning  'math' is not defined                            no-undef
  1031:50   warning  'math' is not defined                            no-undef
  1031:67   warning  'math' is not defined                            no-undef
  1031:83   warning  'math' is not defined                            no-undef
  1031:94   warning  'math' is not defined                            no-undef
  1031:108  warning  'math' is not defined                            no-undef
  1031:118  warning  'math' is not defined                            no-undef
  1031:140  warning  'math' is not defined                            no-undef
  1031:156  warning  'math' is not defined                            no-undef
  1034:16   warning  'math' is not defined                            no-undef
  1036:5    warning  'sinAlpha' is assigned a value but never used    no-unused-vars
  1036:16   warning  'math' is not defined                            no-undef
  1036:30   warning  'math' is not defined                            no-undef
  1036:49   warning  'math' is not defined                            no-undef
  1036:65   warning  'math' is not defined                            no-undef
  1037:5    warning  'cosAlpha' is assigned a value but never used    no-unused-vars
  1037:16   warning  'math' is not defined                            no-undef
  1037:30   warning  'math' is not defined                            no-undef
  1037:49   warning  'math' is not defined                            no-undef
  1037:65   warning  'math' is not defined                            no-undef
  1045:19   warning  'math' is not defined                            no-undef
  1045:38   warning  'math' is not defined                            no-undef
  1046:19   warning  'math' is not defined                            no-undef
  1046:38   warning  'math' is not defined                            no-undef
  1059:10   warning  'math' is not defined                            no-undef
  1061:10   warning  'math' is not defined                            no-undef
  1062:10   warning  'math' is not defined                            no-undef
  1063:9    warning  'math' is not defined                            no-undef
  1063:19   warning  'math' is not defined                            no-undef
  1064:9    warning  'math' is not defined                            no-undef
  1067:9    warning  'math' is not defined                            no-undef
  1067:18   warning  'math' is not defined                            no-undef
  1067:32   warning  'math' is not defined                            no-undef
  1067:46   warning  'math' is not defined                            no-undef
  1067:59   warning  'math' is not defined                            no-undef
  1067:75   warning  'math' is not defined                            no-undef
  1067:86   warning  'math' is not defined                            no-undef
  1067:100  warning  'math' is not defined                            no-undef
  1067:110  warning  'math' is not defined                            no-undef
  1067:128  warning  'math' is not defined                            no-undef
  1067:144  warning  'math' is not defined                            no-undef
  1070:14   warning  'math' is not defined                            no-undef
  1072:5    warning  'sAlpha' is assigned a value but never used      no-unused-vars
  1072:14   warning  'math' is not defined                            no-undef
  1072:28   warning  'math' is not defined                            no-undef
  1072:45   warning  'math' is not defined                            no-undef
  1072:61   warning  'math' is not defined                            no-undef
  1073:5    warning  'cAlpha' is assigned a value but never used      no-unused-vars
  1073:14   warning  'math' is not defined                            no-undef
  1073:28   warning  'math' is not defined                            no-undef
  1073:45   warning  'math' is not defined                            no-undef
  1073:61   warning  'math' is not defined                            no-undef
  1075:11   warning  'math' is not defined                            no-undef
  1075:27   warning  'math' is not defined                            no-undef
  1076:11   warning  'math' is not defined                            no-undef
  1076:27   warning  'math' is not defined                            no-undef
  1080:12   warning  'math' is not defined                            no-undef
  1081:17   warning  'math' is not defined                            no-undef
  1083:16   warning  'math' is not defined                            no-undef
  1084:16   warning  'math' is not defined                            no-undef
  1085:15   warning  'math' is not defined                            no-undef
  1085:25   warning  'math' is not defined                            no-undef
  1086:16   warning  'math' is not defined                            no-undef
  1087:10   warning  'math' is not defined                            no-undef
  1088:12   warning  'math' is not defined                            no-undef
  1088:29   warning  'math' is not defined                            no-undef
  1092:17   warning  'math' is not defined                            no-undef
  1093:13   warning  'math' is not defined                            no-undef
  1095:12   warning  'math' is not defined                            no-undef
  1096:12   warning  'math' is not defined                            no-undef
  1096:26   warning  'math' is not defined                            no-undef
  1096:40   warning  'math' is not defined                            no-undef
  1096:56   warning  'math' is not defined                            no-undef
  1096:72   warning  'math' is not defined                            no-undef
  1096:83   warning  'math' is not defined                            no-undef
  1096:97   warning  'math' is not defined                            no-undef
  1096:107  warning  'math' is not defined                            no-undef
  1096:128  warning  'math' is not defined                            no-undef
  1096:144  warning  'math' is not defined                            no-undef
  1097:10   warning  'math' is not defined                            no-undef
  1110:18   warning  'CanvasJS' is not defined                        no-undef
  1116:1    warning  Mixed spaces and tabs                            no-mixed-spaces-and-tabs
  1118:1    warning  Mixed spaces and tabs                            no-mixed-spaces-and-tabs
  1119:1    warning  Mixed spaces and tabs                            no-mixed-spaces-and-tabs
  1121:1    warning  Mixed spaces and tabs                            no-mixed-spaces-and-tabs
  1122:1    warning  Mixed spaces and tabs                            no-mixed-spaces-and-tabs
  1123:2    warning  Mixed spaces and tabs                            no-mixed-spaces-and-tabs
  1130:1    warning  Mixed spaces and tabs                            no-mixed-spaces-and-tabs
  1141:1    warning  Mixed spaces and tabs                            no-mixed-spaces-and-tabs
  1149:1    warning  Mixed spaces and tabs                            no-mixed-spaces-and-tabs
  1157:1    warning  Mixed spaces and tabs                            no-mixed-spaces-and-tabs
  1166:1    warning  Mixed spaces and tabs                            no-mixed-spaces-and-tabs
  1180:1    warning  Mixed spaces and tabs                            no-mixed-spaces-and-tabs
  1188:1    warning  Mixed spaces and tabs                            no-mixed-spaces-and-tabs
  1196:1    warning  Mixed spaces and tabs                            no-mixed-spaces-and-tabs
  1198:1    warning  Mixed spaces and tabs                            no-mixed-spaces-and-tabs
  1199:1    warning  Mixed spaces and tabs                            no-mixed-spaces-and-tabs
  1200:1    warning  Mixed spaces and tabs                            no-mixed-spaces-and-tabs
  1205:1    warning  Mixed spaces and tabs                            no-mixed-spaces-and-tabs
  1220:10   warning  'problem1_simulation' is defined but never used  no-unused-vars
  1234:11   warning  'loci_plot' is defined but never used            no-unused-vars
  1250:10   warning  'Refresh' is defined but never used              no-unused-vars
  1263:10   warning  'ok3d' is defined but never used                 no-unused-vars

/home/runner/work/exp-simulation-control-systems-iitkgp/exp-simulation-control-systems-iitkgp/experiment/simulation/js/cs_dxp_updated.js
     8:10   warning  'problem1' is defined but never used                no-unused-vars
    40:10   warning  'problem2' is defined but never used                no-unused-vars
    73:10   warning  'problem3' is defined but never used                no-unused-vars
   106:10   warning  'problem4' is defined but never used                no-unused-vars
   172:10   warning  'tostep' is defined but never used                  no-unused-vars
   178:10   warning  'toimpulse' is defined but never used               no-unused-vars
   185:10   warning  'prc1' is defined but never used                    no-unused-vars
   199:10   warning  'prc2' is defined but never used                    no-unused-vars
   213:10   warning  'prc3' is defined but never used                    no-unused-vars
   274:5    warning  'omegad' is assigned a value but never used         no-unused-vars
   274:14   warning  'math' is not defined                               no-undef
   274:32   warning  'math' is not defined                               no-undef
   274:42   warning  'math' is not defined                               no-undef
   274:59   warning  'math' is not defined                               no-undef
   275:5    warning  'phi' is assigned a value but never used            no-unused-vars
   275:11   warning  'math' is not defined                               no-undef
   281:10   warning  'math' is not defined                               no-undef
   281:22   warning  'math' is not defined                               no-undef
   281:31   warning  'math' is not defined                               no-undef
   290:10   warning  'math' is not defined                               no-undef
   290:24   warning  'math' is not defined                               no-undef
   297:10   warning  'math' is not defined                               no-undef
   297:26   warning  'math' is not defined                               no-undef
   297:35   warning  'math' is not defined                               no-undef
   312:9    warning  't' is already defined                              no-redeclare
   314:13   warning  'math' is not defined                               no-undef
   314:22   warning  'math' is not defined                               no-undef
   314:30   warning  'math' is not defined                               no-undef
   315:10   warning  'math' is not defined                               no-undef
   315:27   warning  'math' is not defined                               no-undef
   315:43   warning  'math' is not defined                               no-undef
   319:17   warning  'math' is not defined                               no-undef
   319:26   warning  'math' is not defined                               no-undef
   319:34   warning  'math' is not defined                               no-undef
   321:17   warning  'math' is not defined                               no-undef
   321:26   warning  'math' is not defined                               no-undef
   321:34   warning  'math' is not defined                               no-undef
   323:7    warning  'math' is not defined                               no-undef
   323:24   warning  'math' is not defined                               no-undef
   323:44   warning  'math' is not defined                               no-undef
   325:7    warning  'math' is not defined                               no-undef
   325:24   warning  'math' is not defined                               no-undef
   325:44   warning  'math' is not defined                               no-undef
   333:9    warning  't' is already defined                              no-redeclare
   334:10   warning  'math' is not defined                               no-undef
   334:28   warning  'math' is not defined                               no-undef
   334:38   warning  'math' is not defined                               no-undef
   334:55   warning  'math' is not defined                               no-undef
   335:13   warning  'math' is not defined                               no-undef
   336:14   warning  'math' is not defined                               no-undef
   336:23   warning  'math' is not defined                               no-undef
   336:31   warning  'math' is not defined                               no-undef
   337:13   warning  'math' is not defined                               no-undef
   337:23   warning  'math' is not defined                               no-undef
   337:40   warning  'math' is not defined                               no-undef
   339:10   warning  'math' is not defined                               no-undef
   339:27   warning  'math' is not defined                               no-undef
   339:41   warning  'math' is not defined                               no-undef
   339:68   warning  'math' is not defined                               no-undef
   339:77   warning  'math' is not defined                               no-undef
   339:86   warning  'math' is not defined                               no-undef
   345:5    warning  'wd' is already defined                             no-redeclare
   345:10   warning  'math' is not defined                               no-undef
   345:28   warning  'math' is not defined                               no-undef
   345:38   warning  'math' is not defined                               no-undef
   345:55   warning  'math' is not defined                               no-undef
   346:5    warning  'theta' is already defined                          no-redeclare
   346:13   warning  'math' is not defined                               no-undef
   347:5    warning  'rootz' is already defined                          no-redeclare
   347:13   warning  'math' is not defined                               no-undef
   347:23   warning  'math' is not defined                               no-undef
   347:40   warning  'math' is not defined                               no-undef
   349:16   warning  'math' is not defined                               no-undef
   349:25   warning  'math' is not defined                               no-undef
   349:33   warning  'math' is not defined                               no-undef
   351:16   warning  'math' is not defined                               no-undef
   351:25   warning  'math' is not defined                               no-undef
   351:33   warning  'math' is not defined                               no-undef
   353:7    warning  'math' is not defined                               no-undef
   353:24   warning  'math' is not defined                               no-undef
   353:38   warning  'math' is not defined                               no-undef
   353:67   warning  'math' is not defined                               no-undef
   353:76   warning  'math' is not defined                               no-undef
   353:85   warning  'math' is not defined                               no-undef
   355:7    warning  'math' is not defined                               no-undef
   355:24   warning  'math' is not defined                               no-undef
   355:38   warning  'math' is not defined                               no-undef
   355:67   warning  'math' is not defined                               no-undef
   355:76   warning  'math' is not defined                               no-undef
   355:85   warning  'math' is not defined                               no-undef
   403:10   warning  'math' is not defined                               no-undef
   403:24   warning  'math' is not defined                               no-undef
   403:33   warning  'math' is not defined                               no-undef
   403:42   warning  'math' is not defined                               no-undef
   403:54   warning  'math' is not defined                               no-undef
   403:73   warning  'math' is not defined                               no-undef
   403:83   warning  'math' is not defined                               no-undef
   403:93   warning  'math' is not defined                               no-undef
   403:110  warning  'math' is not defined                               no-undef
   410:18   warning  'CanvasJS' is not defined                           no-undef
   413:2    warning  Mixed spaces and tabs                               no-mixed-spaces-and-tabs
   414:1    warning  Mixed spaces and tabs                               no-mixed-spaces-and-tabs
   416:1    warning  Mixed spaces and tabs                               no-mixed-spaces-and-tabs
   417:1    warning  Mixed spaces and tabs                               no-mixed-spaces-and-tabs
   419:1    warning  Mixed spaces and tabs                               no-mixed-spaces-and-tabs
   420:1    warning  Mixed spaces and tabs                               no-mixed-spaces-and-tabs
   425:1    warning  Mixed spaces and tabs                               no-mixed-spaces-and-tabs
   436:1    warning  Mixed spaces and tabs                               no-mixed-spaces-and-tabs
   452:1    warning  Mixed spaces and tabs                               no-mixed-spaces-and-tabs
   462:1    warning  Mixed spaces and tabs                               no-mixed-spaces-and-tabs
   469:1    warning  Mixed spaces and tabs                               no-mixed-spaces-and-tabs
   476:1    warning  Mixed spaces and tabs                               no-mixed-spaces-and-tabs
   500:102  warning  'tppoint1' is defined but never used                no-unused-vars
   501:1    warning  'tppoint2' is defined but never used                no-unused-vars
   501:10   warning  'tppoint3' is defined but never used                no-unused-vars
   501:19   warning  'tppoint4' is defined but never used                no-unused-vars
   501:28   warning  'tppoint5' is defined but never used                no-unused-vars
   501:37   warning  'tppoint6' is defined but never used                no-unused-vars
   544:5    warning  'omegad' is assigned a value but never used         no-unused-vars
   544:14   warning  'math' is not defined                               no-undef
   544:32   warning  'math' is not defined                               no-undef
   544:42   warning  'math' is not defined                               no-undef
   544:59   warning  'math' is not defined                               no-undef
   545:5    warning  'phi' is assigned a value but never used            no-unused-vars
   545:11   warning  'math' is not defined                               no-undef
   548:10   warning  'math' is not defined                               no-undef
   548:22   warning  'math' is not defined                               no-undef
   548:31   warning  'math' is not defined                               no-undef
   558:10   warning  'math' is not defined                               no-undef
   558:24   warning  'math' is not defined                               no-undef
   565:10   warning  'math' is not defined                               no-undef
   565:26   warning  'math' is not defined                               no-undef
   565:35   warning  'math' is not defined                               no-undef
   580:9    warning  't' is already defined                              no-redeclare
   582:13   warning  'math' is not defined                               no-undef
   582:22   warning  'math' is not defined                               no-undef
   582:30   warning  'math' is not defined                               no-undef
   583:10   warning  'math' is not defined                               no-undef
   583:27   warning  'math' is not defined                               no-undef
   583:43   warning  'math' is not defined                               no-undef
   587:17   warning  'math' is not defined                               no-undef
   587:26   warning  'math' is not defined                               no-undef
   587:34   warning  'math' is not defined                               no-undef
   589:17   warning  'math' is not defined                               no-undef
   589:26   warning  'math' is not defined                               no-undef
   589:34   warning  'math' is not defined                               no-undef
   591:7    warning  'math' is not defined                               no-undef
   591:24   warning  'math' is not defined                               no-undef
   591:44   warning  'math' is not defined                               no-undef
   593:7    warning  'math' is not defined                               no-undef
   593:24   warning  'math' is not defined                               no-undef
   593:44   warning  'math' is not defined                               no-undef
   601:9    warning  't' is already defined                              no-redeclare
   602:10   warning  'math' is not defined                               no-undef
   602:28   warning  'math' is not defined                               no-undef
   602:38   warning  'math' is not defined                               no-undef
   602:55   warning  'math' is not defined                               no-undef
   603:13   warning  'math' is not defined                               no-undef
   604:14   warning  'math' is not defined                               no-undef
   604:23   warning  'math' is not defined                               no-undef
   604:31   warning  'math' is not defined                               no-undef
   605:13   warning  'math' is not defined                               no-undef
   605:23   warning  'math' is not defined                               no-undef
   605:40   warning  'math' is not defined                               no-undef
   607:10   warning  'math' is not defined                               no-undef
   607:27   warning  'math' is not defined                               no-undef
   607:41   warning  'math' is not defined                               no-undef
   607:68   warning  'math' is not defined                               no-undef
   607:77   warning  'math' is not defined                               no-undef
   607:86   warning  'math' is not defined                               no-undef
   613:5    warning  'wd' is already defined                             no-redeclare
   613:10   warning  'math' is not defined                               no-undef
   613:28   warning  'math' is not defined                               no-undef
   613:38   warning  'math' is not defined                               no-undef
   613:55   warning  'math' is not defined                               no-undef
   614:5    warning  'theta' is already defined                          no-redeclare
   614:13   warning  'math' is not defined                               no-undef
   615:5    warning  'rootz' is already defined                          no-redeclare
   615:13   warning  'math' is not defined                               no-undef
   615:23   warning  'math' is not defined                               no-undef
   615:40   warning  'math' is not defined                               no-undef
   617:16   warning  'math' is not defined                               no-undef
   617:25   warning  'math' is not defined                               no-undef
   617:33   warning  'math' is not defined                               no-undef
   619:16   warning  'math' is not defined                               no-undef
   619:25   warning  'math' is not defined                               no-undef
   619:33   warning  'math' is not defined                               no-undef
   621:7    warning  'math' is not defined                               no-undef
   621:24   warning  'math' is not defined                               no-undef
   621:38   warning  'math' is not defined                               no-undef
   621:67   warning  'math' is not defined                               no-undef
   621:76   warning  'math' is not defined                               no-undef
   621:85   warning  'math' is not defined                               no-undef
   623:7    warning  'math' is not defined                               no-undef
   623:24   warning  'math' is not defined                               no-undef
   623:38   warning  'math' is not defined                               no-undef
   623:67   warning  'math' is not defined                               no-undef
   623:76   warning  'math' is not defined                               no-undef
   623:85   warning  'math' is not defined                               no-undef
   729:18   warning  'CanvasJS' is not defined                           no-undef
   732:2    warning  Mixed spaces and tabs                               no-mixed-spaces-and-tabs
   733:1    warning  Mixed spaces and tabs                               no-mixed-spaces-and-tabs
   735:1    warning  Mixed spaces and tabs                               no-mixed-spaces-and-tabs
   736:1    warning  Mixed spaces and tabs                               no-mixed-spaces-and-tabs
   738:1    warning  Mixed spaces and tabs                               no-mixed-spaces-and-tabs
   739:1    warning  Mixed spaces and tabs                               no-mixed-spaces-and-tabs
   744:1    warning  Mixed spaces and tabs                               no-mixed-spaces-and-tabs
   755:1    warning  Mixed spaces and tabs                               no-mixed-spaces-and-tabs
   771:1    warning  Mixed spaces and tabs                               no-mixed-spaces-and-tabs
   783:1    warning  Mixed spaces and tabs                               no-mixed-spaces-and-tabs
   790:1    warning  Mixed spaces and tabs                               no-mixed-spaces-and-tabs
   797:1    warning  Mixed spaces and tabs                               no-mixed-spaces-and-tabs
   817:6    warning  'chart' is already defined                          no-redeclare
   817:18   warning  'CanvasJS' is not defined                           no-undef
   820:2    warning  Mixed spaces and tabs                               no-mixed-spaces-and-tabs
   821:1    warning  Mixed spaces and tabs                               no-mixed-spaces-and-tabs
   823:1    warning  Mixed spaces and tabs                               no-mixed-spaces-and-tabs
   824:1    warning  Mixed spaces and tabs                               no-mixed-spaces-and-tabs
   826:1    warning  Mixed spaces and tabs                               no-mixed-spaces-and-tabs
   827:1    warning  Mixed spaces and tabs                               no-mixed-spaces-and-tabs
   832:1    warning  Mixed spaces and tabs                               no-mixed-spaces-and-tabs
   843:1    warning  Mixed spaces and tabs                               no-mixed-spaces-and-tabs
   859:1    warning  Mixed spaces and tabs                               no-mixed-spaces-and-tabs
   867:1    warning  Mixed spaces and tabs                               no-mixed-spaces-and-tabs
   875:1    warning  Mixed spaces and tabs                               no-mixed-spaces-and-tabs
   891:1    warning  Mixed spaces and tabs                               no-mixed-spaces-and-tabs
   903:1    warning  Mixed spaces and tabs                               no-mixed-spaces-and-tabs
   910:1    warning  Mixed spaces and tabs                               no-mixed-spaces-and-tabs
   917:1    warning  Mixed spaces and tabs                               no-mixed-spaces-and-tabs
   924:1    warning  Mixed spaces and tabs                               no-mixed-spaces-and-tabs
   931:1    warning  Mixed spaces and tabs                               no-mixed-spaces-and-tabs
   938:1    warning  Mixed spaces and tabs                               no-mixed-spaces-and-tabs
   945:1    warning  Mixed spaces and tabs                               no-mixed-spaces-and-tabs
   965:6    warning  'chart' is already defined                          no-redeclare
   965:18   warning  'CanvasJS' is not defined                           no-undef
   968:2    warning  Mixed spaces and tabs                               no-mixed-spaces-and-tabs
   969:1    warning  Mixed spaces and tabs                               no-mixed-spaces-and-tabs
   971:1    warning  Mixed spaces and tabs                               no-mixed-spaces-and-tabs
   972:1    warning  Mixed spaces and tabs                               no-mixed-spaces-and-tabs
   974:1    warning  Mixed spaces and tabs                               no-mixed-spaces-and-tabs
   975:1    warning  Mixed spaces and tabs                               no-mixed-spaces-and-tabs
   980:1    warning  Mixed spaces and tabs                               no-mixed-spaces-and-tabs
   991:1    warning  Mixed spaces and tabs                               no-mixed-spaces-and-tabs
  1007:1    warning  Mixed spaces and tabs                               no-mixed-spaces-and-tabs
  1015:1    warning  Mixed spaces and tabs                               no-mixed-spaces-and-tabs
  1023:1    warning  Mixed spaces and tabs                               no-mixed-spaces-and-tabs
  1039:1    warning  Mixed spaces and tabs                               no-mixed-spaces-and-tabs
  1047:1    warning  Mixed spaces and tabs                               no-mixed-spaces-and-tabs
  1055:1    warning  Mixed spaces and tabs                               no-mixed-spaces-and-tabs
  1071:1    warning  Mixed spaces and tabs                               no-mixed-spaces-and-tabs
  1083:1    warning  Mixed spaces and tabs                               no-mixed-spaces-and-tabs
  1090:1    warning  Mixed spaces and tabs                               no-mixed-spaces-and-tabs
  1097:1    warning  Mixed spaces and tabs                               no-mixed-spaces-and-tabs
  1104:1    warning  Mixed spaces and tabs                               no-mixed-spaces-and-tabs
  1111:1    warning  Mixed spaces and tabs                               no-mixed-spaces-and-tabs
  1118:1    warning  Mixed spaces and tabs                               no-mixed-spaces-and-tabs
  1125:1    warning  Mixed spaces and tabs                               no-mixed-spaces-and-tabs
  1132:1    warning  Mixed spaces and tabs                               no-mixed-spaces-and-tabs
  1139:1    warning  Mixed spaces and tabs                               no-mixed-spaces-and-tabs
  1146:1    warning  Mixed spaces and tabs                               no-mixed-spaces-and-tabs
  1153:1    warning  Mixed spaces and tabs                               no-mixed-spaces-and-tabs
  1173:6    warning  'chart' is already defined                          no-redeclare
  1173:18   warning  'CanvasJS' is not defined                           no-undef
  1176:2    warning  Mixed spaces and tabs                               no-mixed-spaces-and-tabs
  1177:1    warning  Mixed spaces and tabs                               no-mixed-spaces-and-tabs
  1179:1    warning  Mixed spaces and tabs                               no-mixed-spaces-and-tabs
  1180:1    warning  Mixed spaces and tabs                               no-mixed-spaces-and-tabs
  1182:1    warning  Mixed spaces and tabs                               no-mixed-spaces-and-tabs
  1183:1    warning  Mixed spaces and tabs                               no-mixed-spaces-and-tabs
  1188:1    warning  Mixed spaces and tabs                               no-mixed-spaces-and-tabs
  1199:1    warning  Mixed spaces and tabs                               no-mixed-spaces-and-tabs
  1215:1    warning  Mixed spaces and tabs                               no-mixed-spaces-and-tabs
  1223:1    warning  Mixed spaces and tabs                               no-mixed-spaces-and-tabs
  1231:1    warning  Mixed spaces and tabs                               no-mixed-spaces-and-tabs
  1247:1    warning  Mixed spaces and tabs                               no-mixed-spaces-and-tabs
  1255:1    warning  Mixed spaces and tabs                               no-mixed-spaces-and-tabs
  1263:1    warning  Mixed spaces and tabs                               no-mixed-spaces-and-tabs
  1279:1    warning  Mixed spaces and tabs                               no-mixed-spaces-and-tabs
  1287:1    warning  Mixed spaces and tabs                               no-mixed-spaces-and-tabs
  1295:1    warning  Mixed spaces and tabs                               no-mixed-spaces-and-tabs
  1311:1    warning  Mixed spaces and tabs                               no-mixed-spaces-and-tabs
  1323:1    warning  Mixed spaces and tabs                               no-mixed-spaces-and-tabs
  1330:1    warning  Mixed spaces and tabs                               no-mixed-spaces-and-tabs
  1337:1    warning  Mixed spaces and tabs                               no-mixed-spaces-and-tabs
  1344:1    warning  Mixed spaces and tabs                               no-mixed-spaces-and-tabs
  1351:1    warning  Mixed spaces and tabs                               no-mixed-spaces-and-tabs
  1358:1    warning  Mixed spaces and tabs                               no-mixed-spaces-and-tabs
  1365:1    warning  Mixed spaces and tabs                               no-mixed-spaces-and-tabs
  1372:1    warning  Mixed spaces and tabs                               no-mixed-spaces-and-tabs
  1379:1    warning  Mixed spaces and tabs                               no-mixed-spaces-and-tabs
  1386:1    warning  Mixed spaces and tabs                               no-mixed-spaces-and-tabs
  1393:1    warning  Mixed spaces and tabs                               no-mixed-spaces-and-tabs
  1400:1    warning  Mixed spaces and tabs                               no-mixed-spaces-and-tabs
  1407:1    warning  Mixed spaces and tabs                               no-mixed-spaces-and-tabs
  1414:1    warning  Mixed spaces and tabs                               no-mixed-spaces-and-tabs
  1421:1    warning  Mixed spaces and tabs                               no-mixed-spaces-and-tabs
  1441:6    warning  'chart' is already defined                          no-redeclare
  1441:18   warning  'CanvasJS' is not defined                           no-undef
  1444:2    warning  Mixed spaces and tabs                               no-mixed-spaces-and-tabs
  1445:1    warning  Mixed spaces and tabs                               no-mixed-spaces-and-tabs
  1447:1    warning  Mixed spaces and tabs                               no-mixed-spaces-and-tabs
  1448:1    warning  Mixed spaces and tabs                               no-mixed-spaces-and-tabs
  1450:1    warning  Mixed spaces and tabs                               no-mixed-spaces-and-tabs
  1451:1    warning  Mixed spaces and tabs                               no-mixed-spaces-and-tabs
  1456:1    warning  Mixed spaces and tabs                               no-mixed-spaces-and-tabs
  1467:1    warning  Mixed spaces and tabs                               no-mixed-spaces-and-tabs
  1483:1    warning  Mixed spaces and tabs                               no-mixed-spaces-and-tabs
  1491:1    warning  Mixed spaces and tabs                               no-mixed-spaces-and-tabs
  1499:1    warning  Mixed spaces and tabs                               no-mixed-spaces-and-tabs
  1515:1    warning  Mixed spaces and tabs                               no-mixed-spaces-and-tabs
  1523:1    warning  Mixed spaces and tabs                               no-mixed-spaces-and-tabs
  1531:1    warning  Mixed spaces and tabs                               no-mixed-spaces-and-tabs
  1547:1    warning  Mixed spaces and tabs                               no-mixed-spaces-and-tabs
  1555:1    warning  Mixed spaces and tabs                               no-mixed-spaces-and-tabs
  1563:1    warning  Mixed spaces and tabs                               no-mixed-spaces-and-tabs
  1579:1    warning  Mixed spaces and tabs                               no-mixed-spaces-and-tabs
  1587:1    warning  Mixed spaces and tabs                               no-mixed-spaces-and-tabs
  1595:1    warning  Mixed spaces and tabs                               no-mixed-spaces-and-tabs
  1611:1    warning  Mixed spaces and tabs                               no-mixed-spaces-and-tabs
  1623:1    warning  Mixed spaces and tabs                               no-mixed-spaces-and-tabs
  1630:1    warning  Mixed spaces and tabs                               no-mixed-spaces-and-tabs
  1637:1    warning  Mixed spaces and tabs                               no-mixed-spaces-and-tabs
  1644:1    warning  Mixed spaces and tabs                               no-mixed-spaces-and-tabs
  1651:1    warning  Mixed spaces and tabs                               no-mixed-spaces-and-tabs
  1658:1    warning  Mixed spaces and tabs                               no-mixed-spaces-and-tabs
  1665:1    warning  Mixed spaces and tabs                               no-mixed-spaces-and-tabs
  1672:1    warning  Mixed spaces and tabs                               no-mixed-spaces-and-tabs
  1679:1    warning  Mixed spaces and tabs                               no-mixed-spaces-and-tabs
  1686:1    warning  Mixed spaces and tabs                               no-mixed-spaces-and-tabs
  1693:1    warning  Mixed spaces and tabs                               no-mixed-spaces-and-tabs
  1700:1    warning  Mixed spaces and tabs                               no-mixed-spaces-and-tabs
  1707:1    warning  Mixed spaces and tabs                               no-mixed-spaces-and-tabs
  1714:1    warning  Mixed spaces and tabs                               no-mixed-spaces-and-tabs
  1721:1    warning  Mixed spaces and tabs                               no-mixed-spaces-and-tabs
  1728:1    warning  Mixed spaces and tabs                               no-mixed-spaces-and-tabs
  1735:1    warning  Mixed spaces and tabs                               no-mixed-spaces-and-tabs
  1742:1    warning  Mixed spaces and tabs                               no-mixed-spaces-and-tabs
  1749:1    warning  Mixed spaces and tabs                               no-mixed-spaces-and-tabs
  1769:6    warning  'chart' is already defined                          no-redeclare
  1769:18   warning  'CanvasJS' is not defined                           no-undef
  1772:2    warning  Mixed spaces and tabs                               no-mixed-spaces-and-tabs
  1773:1    warning  Mixed spaces and tabs                               no-mixed-spaces-and-tabs
  1775:1    warning  Mixed spaces and tabs                               no-mixed-spaces-and-tabs
  1776:1    warning  Mixed spaces and tabs                               no-mixed-spaces-and-tabs
  1778:1    warning  Mixed spaces and tabs                               no-mixed-spaces-and-tabs
  1779:1    warning  Mixed spaces and tabs                               no-mixed-spaces-and-tabs
  1784:1    warning  Mixed spaces and tabs                               no-mixed-spaces-and-tabs
  1795:1    warning  Mixed spaces and tabs                               no-mixed-spaces-and-tabs
  1811:1    warning  Mixed spaces and tabs                               no-mixed-spaces-and-tabs
  1819:1    warning  Mixed spaces and tabs                               no-mixed-spaces-and-tabs
  1827:1    warning  Mixed spaces and tabs                               no-mixed-spaces-and-tabs
  1843:1    warning  Mixed spaces and tabs                               no-mixed-spaces-and-tabs
  1851:1    warning  Mixed spaces and tabs                               no-mixed-spaces-and-tabs
  1859:1    warning  Mixed spaces and tabs                               no-mixed-spaces-and-tabs
  1875:1    warning  Mixed spaces and tabs                               no-mixed-spaces-and-tabs
  1883:1    warning  Mixed spaces and tabs                               no-mixed-spaces-and-tabs
  1891:1    warning  Mixed spaces and tabs                               no-mixed-spaces-and-tabs
  1907:1    warning  Mixed spaces and tabs                               no-mixed-spaces-and-tabs
  1915:1    warning  Mixed spaces and tabs                               no-mixed-spaces-and-tabs
  1923:1    warning  Mixed spaces and tabs                               no-mixed-spaces-and-tabs
  1939:1    warning  Mixed spaces and tabs                               no-mixed-spaces-and-tabs
  1947:1    warning  Mixed spaces and tabs                               no-mixed-spaces-and-tabs
  1955:1    warning  Mixed spaces and tabs                               no-mixed-spaces-and-tabs
  1971:1    warning  Mixed spaces and tabs                               no-mixed-spaces-and-tabs
  1983:1    warning  Mixed spaces and tabs                               no-mixed-spaces-and-tabs
  1990:1    warning  Mixed spaces and tabs                               no-mixed-spaces-and-tabs
  1997:1    warning  Mixed spaces and tabs                               no-mixed-spaces-and-tabs
  2004:1    warning  Mixed spaces and tabs                               no-mixed-spaces-and-tabs
  2011:1    warning  Mixed spaces and tabs                               no-mixed-spaces-and-tabs
  2018:1    warning  Mixed spaces and tabs                               no-mixed-spaces-and-tabs
  2025:1    warning  Mixed spaces and tabs                               no-mixed-spaces-and-tabs
  2032:1    warning  Mixed spaces and tabs                               no-mixed-spaces-and-tabs
  2039:1    warning  Mixed spaces and tabs                               no-mixed-spaces-and-tabs
  2046:1    warning  Mixed spaces and tabs                               no-mixed-spaces-and-tabs
  2053:1    warning  Mixed spaces and tabs                               no-mixed-spaces-and-tabs
  2060:1    warning  Mixed spaces and tabs                               no-mixed-spaces-and-tabs
  2067:1    warning  Mixed spaces and tabs                               no-mixed-spaces-and-tabs
  2074:1    warning  Mixed spaces and tabs                               no-mixed-spaces-and-tabs
  2081:1    warning  Mixed spaces and tabs                               no-mixed-spaces-and-tabs
  2088:1    warning  Mixed spaces and tabs                               no-mixed-spaces-and-tabs
  2095:1    warning  Mixed spaces and tabs                               no-mixed-spaces-and-tabs
  2102:1    warning  Mixed spaces and tabs                               no-mixed-spaces-and-tabs
  2109:1    warning  Mixed spaces and tabs                               no-mixed-spaces-and-tabs
  2116:1    warning  Mixed spaces and tabs                               no-mixed-spaces-and-tabs
  2117:1    warning  Mixed spaces and tabs                               no-mixed-spaces-and-tabs
  2124:1    warning  Mixed spaces and tabs                               no-mixed-spaces-and-tabs
  2131:1    warning  Mixed spaces and tabs                               no-mixed-spaces-and-tabs
  2138:1    warning  Mixed spaces and tabs                               no-mixed-spaces-and-tabs
  2159:11   warning  'Rise_Time' is defined but never used               no-unused-vars
  2160:1    warning  Mixed spaces and tabs                               no-mixed-spaces-and-tabs
  2169:6    warning  'omegad' is assigned a value but never used         no-unused-vars
  2169:15   warning  'math' is not defined                               no-undef
  2169:33   warning  'math' is not defined                               no-undef
  2169:43   warning  'math' is not defined                               no-undef
  2169:60   warning  'math' is not defined                               no-undef
  2170:5    warning  'phi' is assigned a value but never used            no-unused-vars
  2170:11   warning  'math' is not defined                               no-undef
  2176:10   warning  'math' is not defined                               no-undef
  2176:22   warning  'math' is not defined                               no-undef
  2176:31   warning  'math' is not defined                               no-undef
  2194:18   warning  'CanvasJS' is not defined                           no-undef
  2198:1    warning  Mixed spaces and tabs                               no-mixed-spaces-and-tabs
  2200:1    warning  Mixed spaces and tabs                               no-mixed-spaces-and-tabs
  2201:1    warning  Mixed spaces and tabs                               no-mixed-spaces-and-tabs
  2203:1    warning  Mixed spaces and tabs                               no-mixed-spaces-and-tabs
  2204:1    warning  Mixed spaces and tabs                               no-mixed-spaces-and-tabs
  2211:1    warning  Mixed spaces and tabs                               no-mixed-spaces-and-tabs
  2232:1    warning  Mixed spaces and tabs                               no-mixed-spaces-and-tabs
  2233:1    warning  Mixed spaces and tabs                               no-mixed-spaces-and-tabs
  2236:11   warning  'Settling_Time' is defined but never used           no-unused-vars
  2238:1    warning  Mixed spaces and tabs                               no-mixed-spaces-and-tabs
  2247:10   warning  'math' is not defined                               no-undef
  2247:24   warning  'math' is not defined                               no-undef
  2261:18   warning  'CanvasJS' is not defined                           no-undef
  2265:1    warning  Mixed spaces and tabs                               no-mixed-spaces-and-tabs
  2267:1    warning  Mixed spaces and tabs                               no-mixed-spaces-and-tabs
  2268:1    warning  Mixed spaces and tabs                               no-mixed-spaces-and-tabs
  2270:1    warning  Mixed spaces and tabs                               no-mixed-spaces-and-tabs
  2271:1    warning  Mixed spaces and tabs                               no-mixed-spaces-and-tabs
  2278:1    warning  Mixed spaces and tabs                               no-mixed-spaces-and-tabs
  2301:11   warning  'Overshoot_Z' is defined but never used             no-unused-vars
  2303:1    warning  Mixed spaces and tabs                               no-mixed-spaces-and-tabs
  2304:5    warning  'wn' is assigned a value but never used             no-unused-vars
  2312:11   warning  'math' is not defined                               no-undef
  2312:25   warning  'math' is not defined                               no-undef
  2312:34   warning  'math' is not defined                               no-undef
  2312:43   warning  'math' is not defined                               no-undef
  2312:55   warning  'math' is not defined                               no-undef
  2312:74   warning  'math' is not defined                               no-undef
  2312:84   warning  'math' is not defined                               no-undef
  2312:94   warning  'math' is not defined                               no-undef
  2312:111  warning  'math' is not defined                               no-undef
  2315:5    warning  'ovr' is already defined                            no-redeclare
  2326:18   warning  'CanvasJS' is not defined                           no-undef
  2330:1    warning  Mixed spaces and tabs                               no-mixed-spaces-and-tabs
  2332:1    warning  Mixed spaces and tabs                               no-mixed-spaces-and-tabs
  2333:1    warning  Mixed spaces and tabs                               no-mixed-spaces-and-tabs
  2335:1    warning  Mixed spaces and tabs                               no-mixed-spaces-and-tabs
  2336:1    warning  Mixed spaces and tabs                               no-mixed-spaces-and-tabs
  2343:1    warning  Mixed spaces and tabs                               no-mixed-spaces-and-tabs
  2379:10   warning  'math' is not defined                               no-undef
  2379:27   warning  'math' is not defined                               no-undef
  2379:36   warning  'math' is not defined                               no-undef
  2388:9    warning  't' is already defined                              no-redeclare
  2390:13   warning  'math' is not defined                               no-undef
  2390:22   warning  'math' is not defined                               no-undef
  2390:30   warning  'math' is not defined                               no-undef
  2391:10   warning  'math' is not defined                               no-undef
  2391:24   warning  'math' is not defined                               no-undef
  2399:9    warning  't' is already defined                              no-redeclare
  2400:10   warning  'math' is not defined                               no-undef
  2400:28   warning  'math' is not defined                               no-undef
  2400:38   warning  'math' is not defined                               no-undef
  2400:55   warning  'math' is not defined                               no-undef
  2401:5    warning  'theta' is assigned a value but never used          no-unused-vars
  2401:13   warning  'math' is not defined                               no-undef
  2402:14   warning  'math' is not defined                               no-undef
  2402:23   warning  'math' is not defined                               no-undef
  2402:31   warning  'math' is not defined                               no-undef
  2403:13   warning  'math' is not defined                               no-undef
  2403:23   warning  'math' is not defined                               no-undef
  2403:40   warning  'math' is not defined                               no-undef
  2405:10   warning  'math' is not defined                               no-undef
  2405:24   warning  'math' is not defined                               no-undef
  2405:51   warning  'math' is not defined                               no-undef
  2405:60   warning  'math' is not defined                               no-undef
  2413:9    warning  't' is already defined                              no-redeclare
  2414:19   warning  'math' is not defined                               no-undef
  2414:29   warning  'math' is not defined                               no-undef
  2414:43   warning  'math' is not defined                               no-undef
  2415:10   warning  'math' is not defined                               no-undef
  2415:24   warning  'math' is not defined                               no-undef
  2416:10   warning  'math' is not defined                               no-undef
  2416:24   warning  'math' is not defined                               no-undef
  2417:15   warning  'math' is not defined                               no-undef
  2417:24   warning  'math' is not defined                               no-undef
  2417:32   warning  'math' is not defined                               no-undef
  2418:15   warning  'math' is not defined                               no-undef
  2418:24   warning  'math' is not defined                               no-undef
  2418:32   warning  'math' is not defined                               no-undef
  2419:14   warning  'math' is not defined                               no-undef
  2419:29   warning  'math' is not defined                               no-undef
  2421:10   warning  'math' is not defined                               no-undef
  2421:31   warning  'math' is not defined                               no-undef
  2434:18   warning  'CanvasJS' is not defined                           no-undef
  2437:2    warning  Mixed spaces and tabs                               no-mixed-spaces-and-tabs
  2438:1    warning  Mixed spaces and tabs                               no-mixed-spaces-and-tabs
  2440:1    warning  Mixed spaces and tabs                               no-mixed-spaces-and-tabs
  2441:1    warning  Mixed spaces and tabs                               no-mixed-spaces-and-tabs
  2443:1    warning  Mixed spaces and tabs                               no-mixed-spaces-and-tabs
  2444:1    warning  Mixed spaces and tabs                               no-mixed-spaces-and-tabs
  2449:1    warning  Mixed spaces and tabs                               no-mixed-spaces-and-tabs
  2511:10   warning  'math' is not defined                               no-undef
  2511:27   warning  'math' is not defined                               no-undef
  2511:36   warning  'math' is not defined                               no-undef
  2520:9    warning  't' is already defined                              no-redeclare
  2522:13   warning  'math' is not defined                               no-undef
  2522:22   warning  'math' is not defined                               no-undef
  2522:30   warning  'math' is not defined                               no-undef
  2523:10   warning  'math' is not defined                               no-undef
  2523:24   warning  'math' is not defined                               no-undef
  2531:9    warning  't' is already defined                              no-redeclare
  2532:10   warning  'math' is not defined                               no-undef
  2532:28   warning  'math' is not defined                               no-undef
  2532:38   warning  'math' is not defined                               no-undef
  2532:55   warning  'math' is not defined                               no-undef
  2533:5    warning  'theta' is assigned a value but never used          no-unused-vars
  2533:13   warning  'math' is not defined                               no-undef
  2534:14   warning  'math' is not defined                               no-undef
  2534:23   warning  'math' is not defined                               no-undef
  2534:31   warning  'math' is not defined                               no-undef
  2535:13   warning  'math' is not defined                               no-undef
  2535:23   warning  'math' is not defined                               no-undef
  2535:40   warning  'math' is not defined                               no-undef
  2537:10   warning  'math' is not defined                               no-undef
  2537:24   warning  'math' is not defined                               no-undef
  2537:51   warning  'math' is not defined                               no-undef
  2537:60   warning  'math' is not defined                               no-undef
  2545:9    warning  't' is already defined                              no-redeclare
  2546:19   warning  'math' is not defined                               no-undef
  2546:29   warning  'math' is not defined                               no-undef
  2546:43   warning  'math' is not defined                               no-undef
  2547:10   warning  'math' is not defined                               no-undef
  2547:24   warning  'math' is not defined                               no-undef
  2548:10   warning  'math' is not defined                               no-undef
  2548:24   warning  'math' is not defined                               no-undef
  2549:15   warning  'math' is not defined                               no-undef
  2549:24   warning  'math' is not defined                               no-undef
  2549:32   warning  'math' is not defined                               no-undef
  2550:15   warning  'math' is not defined                               no-undef
  2550:24   warning  'math' is not defined                               no-undef
  2550:32   warning  'math' is not defined                               no-undef
  2551:14   warning  'math' is not defined                               no-undef
  2551:29   warning  'math' is not defined                               no-undef
  2553:10   warning  'math' is not defined                               no-undef
  2553:31   warning  'math' is not defined                               no-undef
  2595:18   warning  'CanvasJS' is not defined                           no-undef
  2598:2    warning  Mixed spaces and tabs                               no-mixed-spaces-and-tabs
  2599:1    warning  Mixed spaces and tabs                               no-mixed-spaces-and-tabs
  2601:1    warning  Mixed spaces and tabs                               no-mixed-spaces-and-tabs
  2602:1    warning  Mixed spaces and tabs                               no-mixed-spaces-and-tabs
  2604:1    warning  Mixed spaces and tabs                               no-mixed-spaces-and-tabs
  2605:1    warning  Mixed spaces and tabs                               no-mixed-spaces-and-tabs
  2610:1    warning  Mixed spaces and tabs                               no-mixed-spaces-and-tabs
  2637:6    warning  'chart' is already defined                          no-redeclare
  2637:18   warning  'CanvasJS' is not defined                           no-undef
  2640:2    warning  Mixed spaces and tabs                               no-mixed-spaces-and-tabs
  2641:1    warning  Mixed spaces and tabs                               no-mixed-spaces-and-tabs
  2643:1    warning  Mixed spaces and tabs                               no-mixed-spaces-and-tabs
  2644:1    warning  Mixed spaces and tabs                               no-mixed-spaces-and-tabs
  2646:1    warning  Mixed spaces and tabs                               no-mixed-spaces-and-tabs
  2647:1    warning  Mixed spaces and tabs                               no-mixed-spaces-and-tabs
  2652:1    warning  Mixed spaces and tabs                               no-mixed-spaces-and-tabs
  2664:1    warning  Mixed spaces and tabs                               no-mixed-spaces-and-tabs
  2676:1    warning  Mixed spaces and tabs                               no-mixed-spaces-and-tabs
  2695:6    warning  'chart' is already defined                          no-redeclare
  2695:18   warning  'CanvasJS' is not defined                           no-undef
  2698:2    warning  Mixed spaces and tabs                               no-mixed-spaces-and-tabs
  2699:1    warning  Mixed spaces and tabs                               no-mixed-spaces-and-tabs
  2701:1    warning  Mixed spaces and tabs                               no-mixed-spaces-and-tabs
  2702:1    warning  Mixed spaces and tabs                               no-mixed-spaces-and-tabs
  2704:1    warning  Mixed spaces and tabs                               no-mixed-spaces-and-tabs
  2705:1    warning  Mixed spaces and tabs                               no-mixed-spaces-and-tabs
  2710:1    warning  Mixed spaces and tabs                               no-mixed-spaces-and-tabs
  2722:1    warning  Mixed spaces and tabs                               no-mixed-spaces-and-tabs
  2730:1    warning  Mixed spaces and tabs                               no-mixed-spaces-and-tabs
  2743:1    warning  Mixed spaces and tabs                               no-mixed-spaces-and-tabs
  2751:1    warning  Mixed spaces and tabs                               no-mixed-spaces-and-tabs
  2770:6    warning  'chart' is already defined                          no-redeclare
  2770:18   warning  'CanvasJS' is not defined                           no-undef
  2773:2    warning  Mixed spaces and tabs                               no-mixed-spaces-and-tabs
  2774:1    warning  Mixed spaces and tabs                               no-mixed-spaces-and-tabs
  2776:1    warning  Mixed spaces and tabs                               no-mixed-spaces-and-tabs
  2777:1    warning  Mixed spaces and tabs                               no-mixed-spaces-and-tabs
  2779:1    warning  Mixed spaces and tabs                               no-mixed-spaces-and-tabs
  2780:1    warning  Mixed spaces and tabs                               no-mixed-spaces-and-tabs
  2785:1    warning  Mixed spaces and tabs                               no-mixed-spaces-and-tabs
  2797:1    warning  Mixed spaces and tabs                               no-mixed-spaces-and-tabs
  2805:1    warning  Mixed spaces and tabs                               no-mixed-spaces-and-tabs
  2813:1    warning  Mixed spaces and tabs                               no-mixed-spaces-and-tabs
  2826:1    warning  Mixed spaces and tabs                               no-mixed-spaces-and-tabs
  2834:1    warning  Mixed spaces and tabs                               no-mixed-spaces-and-tabs
  2842:1    warning  Mixed spaces and tabs                               no-mixed-spaces-and-tabs
  2861:6    warning  'chart' is already defined                          no-redeclare
  2861:18   warning  'CanvasJS' is not defined                           no-undef
  2864:2    warning  Mixed spaces and tabs                               no-mixed-spaces-and-tabs
  2865:1    warning  Mixed spaces and tabs                               no-mixed-spaces-and-tabs
  2867:1    warning  Mixed spaces and tabs                               no-mixed-spaces-and-tabs
  2868:1    warning  Mixed spaces and tabs                               no-mixed-spaces-and-tabs
  2870:1    warning  Mixed spaces and tabs                               no-mixed-spaces-and-tabs
  2871:1    warning  Mixed spaces and tabs                               no-mixed-spaces-and-tabs
  2876:1    warning  Mixed spaces and tabs                               no-mixed-spaces-and-tabs
  2888:1    warning  Mixed spaces and tabs                               no-mixed-spaces-and-tabs
  2896:1    warning  Mixed spaces and tabs                               no-mixed-spaces-and-tabs
  2904:1    warning  Mixed spaces and tabs                               no-mixed-spaces-and-tabs
  2912:1    warning  Mixed spaces and tabs                               no-mixed-spaces-and-tabs
  2925:1    warning  Mixed spaces and tabs                               no-mixed-spaces-and-tabs
  2933:1    warning  Mixed spaces and tabs                               no-mixed-spaces-and-tabs
  2941:1    warning  Mixed spaces and tabs                               no-mixed-spaces-and-tabs
  2949:1    warning  Mixed spaces and tabs                               no-mixed-spaces-and-tabs
  2968:6    warning  'chart' is already defined                          no-redeclare
  2968:18   warning  'CanvasJS' is not defined                           no-undef
  2971:2    warning  Mixed spaces and tabs                               no-mixed-spaces-and-tabs
  2972:1    warning  Mixed spaces and tabs                               no-mixed-spaces-and-tabs
  2974:1    warning  Mixed spaces and tabs                               no-mixed-spaces-and-tabs
  2975:1    warning  Mixed spaces and tabs                               no-mixed-spaces-and-tabs
  2977:1    warning  Mixed spaces and tabs                               no-mixed-spaces-and-tabs
  2978:1    warning  Mixed spaces and tabs                               no-mixed-spaces-and-tabs
  2983:1    warning  Mixed spaces and tabs                               no-mixed-spaces-and-tabs
  2995:1    warning  Mixed spaces and tabs                               no-mixed-spaces-and-tabs
  3003:1    warning  Mixed spaces and tabs                               no-mixed-spaces-and-tabs
  3011:1    warning  Mixed spaces and tabs                               no-mixed-spaces-and-tabs
  3019:1    warning  Mixed spaces and tabs                               no-mixed-spaces-and-tabs
  3027:1    warning  Mixed spaces and tabs                               no-mixed-spaces-and-tabs
  3040:1    warning  Mixed spaces and tabs                               no-mixed-spaces-and-tabs
  3048:1    warning  Mixed spaces and tabs                               no-mixed-spaces-and-tabs
  3056:1    warning  Mixed spaces and tabs                               no-mixed-spaces-and-tabs
  3064:1    warning  Mixed spaces and tabs                               no-mixed-spaces-and-tabs
  3072:1    warning  Mixed spaces and tabs                               no-mixed-spaces-and-tabs
  3103:16   warning  'math' is not defined                               no-undef
  3103:28   warning  'math' is not defined                               no-undef
  3108:13   warning  'math' is not defined                               no-undef
  3126:18   warning  'CanvasJS' is not defined                           no-undef
  3132:1    warning  Mixed spaces and tabs                               no-mixed-spaces-and-tabs
  3134:1    warning  Mixed spaces and tabs                               no-mixed-spaces-and-tabs
  3135:1    warning  Mixed spaces and tabs                               no-mixed-spaces-and-tabs
  3137:1    warning  Mixed spaces and tabs                               no-mixed-spaces-and-tabs
  3138:1    warning  Mixed spaces and tabs                               no-mixed-spaces-and-tabs
  3145:1    warning  Mixed spaces and tabs                               no-mixed-spaces-and-tabs
  3157:1    warning  Mixed spaces and tabs                               no-mixed-spaces-and-tabs
  3165:1    warning  Mixed spaces and tabs                               no-mixed-spaces-and-tabs
  3173:1    warning  Mixed spaces and tabs                               no-mixed-spaces-and-tabs
  3181:1    warning  Mixed spaces and tabs                               no-mixed-spaces-and-tabs
  3189:1    warning  Mixed spaces and tabs                               no-mixed-spaces-and-tabs
  3197:1    warning  Mixed spaces and tabs                               no-mixed-spaces-and-tabs
  3205:1    warning  Mixed spaces and tabs                               no-mixed-spaces-and-tabs
  3213:1    warning  Mixed spaces and tabs                               no-mixed-spaces-and-tabs
  3219:1    warning  Mixed spaces and tabs                               no-mixed-spaces-and-tabs
  3230:1    warning  Mixed spaces and tabs                               no-mixed-spaces-and-tabs
  3244:1    warning  Mixed spaces and tabs                               no-mixed-spaces-and-tabs
  3259:1    warning  Mixed spaces and tabs                               no-mixed-spaces-and-tabs
  3270:1    warning  Mixed spaces and tabs                               no-mixed-spaces-and-tabs
  3295:1    warning  Mixed spaces and tabs                               no-mixed-spaces-and-tabs
  3319:1    warning  Mixed spaces and tabs                               no-mixed-spaces-and-tabs
  3343:1    warning  Mixed spaces and tabs                               no-mixed-spaces-and-tabs
  3360:1    warning  Mixed spaces and tabs                               no-mixed-spaces-and-tabs
  3386:16   warning  'math' is not defined                               no-undef
  3386:28   warning  'math' is not defined                               no-undef
  3391:13   warning  'math' is not defined                               no-undef
  3403:6    warning  'cpol2R' is already defined                         no-redeclare
  3404:5    warning  'cpol2I' is already defined                         no-redeclare
  3415:6    warning  'cpol3R' is already defined                         no-redeclare
  3416:5    warning  'cpol3I' is already defined                         no-redeclare
  3437:18   warning  'CanvasJS' is not defined                           no-undef
  3443:1    warning  Mixed spaces and tabs                               no-mixed-spaces-and-tabs
  3445:1    warning  Mixed spaces and tabs                               no-mixed-spaces-and-tabs
  3446:1    warning  Mixed spaces and tabs                               no-mixed-spaces-and-tabs
  3448:1    warning  Mixed spaces and tabs                               no-mixed-spaces-and-tabs
  3449:1    warning  Mixed spaces and tabs                               no-mixed-spaces-and-tabs
  3456:1    warning  Mixed spaces and tabs                               no-mixed-spaces-and-tabs
  3468:1    warning  Mixed spaces and tabs                               no-mixed-spaces-and-tabs
  3476:1    warning  Mixed spaces and tabs                               no-mixed-spaces-and-tabs
  3484:1    warning  Mixed spaces and tabs                               no-mixed-spaces-and-tabs
  3492:1    warning  Mixed spaces and tabs                               no-mixed-spaces-and-tabs
  3500:1    warning  Mixed spaces and tabs                               no-mixed-spaces-and-tabs
  3508:1    warning  Mixed spaces and tabs                               no-mixed-spaces-and-tabs
  3516:1    warning  Mixed spaces and tabs                               no-mixed-spaces-and-tabs
  3524:1    warning  Mixed spaces and tabs                               no-mixed-spaces-and-tabs
  3530:1    warning  Mixed spaces and tabs                               no-mixed-spaces-and-tabs
  3541:1    warning  Mixed spaces and tabs                               no-mixed-spaces-and-tabs
  3555:1    warning  Mixed spaces and tabs                               no-mixed-spaces-and-tabs
  3570:1    warning  Mixed spaces and tabs                               no-mixed-spaces-and-tabs
  3581:1    warning  Mixed spaces and tabs                               no-mixed-spaces-and-tabs
  3606:1    warning  Mixed spaces and tabs                               no-mixed-spaces-and-tabs
  3629:1    warning  Mixed spaces and tabs                               no-mixed-spaces-and-tabs
  3652:1    warning  Mixed spaces and tabs                               no-mixed-spaces-and-tabs
  3669:1    warning  Mixed spaces and tabs                               no-mixed-spaces-and-tabs
  3687:6    warning  'chart' is already defined                          no-redeclare
  3687:18   warning  'CanvasJS' is not defined                           no-undef
  3693:1    warning  Mixed spaces and tabs                               no-mixed-spaces-and-tabs
  3695:1    warning  Mixed spaces and tabs                               no-mixed-spaces-and-tabs
  3696:1    warning  Mixed spaces and tabs                               no-mixed-spaces-and-tabs
  3698:1    warning  Mixed spaces and tabs                               no-mixed-spaces-and-tabs
  3699:1    warning  Mixed spaces and tabs                               no-mixed-spaces-and-tabs
  3706:1    warning  Mixed spaces and tabs                               no-mixed-spaces-and-tabs
  3718:1    warning  Mixed spaces and tabs                               no-mixed-spaces-and-tabs
  3726:1    warning  Mixed spaces and tabs                               no-mixed-spaces-and-tabs
  3734:1    warning  Mixed spaces and tabs                               no-mixed-spaces-and-tabs
  3742:1    warning  Mixed spaces and tabs                               no-mixed-spaces-and-tabs
  3750:1    warning  Mixed spaces and tabs                               no-mixed-spaces-and-tabs
  3758:1    warning  Mixed spaces and tabs                               no-mixed-spaces-and-tabs
  3766:1    warning  Mixed spaces and tabs                               no-mixed-spaces-and-tabs
  3774:1    warning  Mixed spaces and tabs                               no-mixed-spaces-and-tabs
  3780:1    warning  Mixed spaces and tabs                               no-mixed-spaces-and-tabs
  3791:1    warning  Mixed spaces and tabs                               no-mixed-spaces-and-tabs
  3805:1    warning  Mixed spaces and tabs                               no-mixed-spaces-and-tabs
  3820:1    warning  Mixed spaces and tabs                               no-mixed-spaces-and-tabs
  3831:1    warning  Mixed spaces and tabs                               no-mixed-spaces-and-tabs
  3856:1    warning  Mixed spaces and tabs                               no-mixed-spaces-and-tabs
  3879:1    warning  Mixed spaces and tabs                               no-mixed-spaces-and-tabs
  3902:1    warning  Mixed spaces and tabs                               no-mixed-spaces-and-tabs
  3919:1    warning  Mixed spaces and tabs                               no-mixed-spaces-and-tabs
  3934:6    warning  'chart' is already defined                          no-redeclare
  3934:18   warning  'CanvasJS' is not defined                           no-undef
  3940:1    warning  Mixed spaces and tabs                               no-mixed-spaces-and-tabs
  3942:1    warning  Mixed spaces and tabs                               no-mixed-spaces-and-tabs
  3943:1    warning  Mixed spaces and tabs                               no-mixed-spaces-and-tabs
  3945:1    warning  Mixed spaces and tabs                               no-mixed-spaces-and-tabs
  3946:1    warning  Mixed spaces and tabs                               no-mixed-spaces-and-tabs
  3953:1    warning  Mixed spaces and tabs                               no-mixed-spaces-and-tabs
  3964:1    warning  Mixed spaces and tabs                               no-mixed-spaces-and-tabs
  3975:1    warning  Mixed spaces and tabs                               no-mixed-spaces-and-tabs
  3988:10   warning  'rootloci' is defined but never used                no-unused-vars
  4003:13   warning  'math' is not defined                               no-undef
  4013:15   warning  'math' is not defined                               no-undef
  4013:32   warning  'math' is not defined                               no-undef
  4013:46   warning  'math' is not defined                               no-undef
  4013:73   warning  'math' is not defined                               no-undef
  4014:15   warning  'math' is not defined                               no-undef
  4014:32   warning  'math' is not defined                               no-undef
  4014:46   warning  'math' is not defined                               no-undef
  4014:73   warning  'math' is not defined                               no-undef
  4015:15   warning  'math' is not defined                               no-undef
  4015:32   warning  'math' is not defined                               no-undef
  4015:46   warning  'math' is not defined                               no-undef
  4015:73   warning  'math' is not defined                               no-undef
  4018:13   warning  'math' is not defined                               no-undef
  4018:34   warning  'math' is not defined                               no-undef
  4018:43   warning  'math' is not defined                               no-undef
  4018:50   warning  'math' is not defined                               no-undef
  4019:13   warning  'math' is not defined                               no-undef
  4019:34   warning  'math' is not defined                               no-undef
  4019:43   warning  'math' is not defined                               no-undef
  4019:50   warning  'math' is not defined                               no-undef
  4020:13   warning  'math' is not defined                               no-undef
  4020:34   warning  'math' is not defined                               no-undef
  4020:43   warning  'math' is not defined                               no-undef
  4020:50   warning  'math' is not defined                               no-undef
  4022:15   warning  'math' is not defined                               no-undef
  4022:31   warning  'math' is not defined                               no-undef
  4034:18   warning  'CanvasJS' is not defined                           no-undef
  4037:2    warning  Mixed spaces and tabs                               no-mixed-spaces-and-tabs
  4038:1    warning  Mixed spaces and tabs                               no-mixed-spaces-and-tabs
  4040:1    warning  Mixed spaces and tabs                               no-mixed-spaces-and-tabs
  4041:1    warning  Mixed spaces and tabs                               no-mixed-spaces-and-tabs
  4043:1    warning  Mixed spaces and tabs                               no-mixed-spaces-and-tabs
  4044:1    warning  Mixed spaces and tabs                               no-mixed-spaces-and-tabs
  4049:1    warning  Mixed spaces and tabs                               no-mixed-spaces-and-tabs
  4080:51   warning  'dataim25' is defined but never used                no-unused-vars
  4080:80   warning  'kim5' is defined but never used                    no-unused-vars
  4101:13   warning  'math' is not defined                               no-undef
  4111:15   warning  'math' is not defined                               no-undef
  4111:32   warning  'math' is not defined                               no-undef
  4111:46   warning  'math' is not defined                               no-undef
  4111:73   warning  'math' is not defined                               no-undef
  4112:15   warning  'math' is not defined                               no-undef
  4112:32   warning  'math' is not defined                               no-undef
  4112:46   warning  'math' is not defined                               no-undef
  4112:73   warning  'math' is not defined                               no-undef
  4113:15   warning  'math' is not defined                               no-undef
  4113:32   warning  'math' is not defined                               no-undef
  4113:46   warning  'math' is not defined                               no-undef
  4113:73   warning  'math' is not defined                               no-undef
  4116:13   warning  'math' is not defined                               no-undef
  4116:34   warning  'math' is not defined                               no-undef
  4116:43   warning  'math' is not defined                               no-undef
  4116:50   warning  'math' is not defined                               no-undef
  4117:13   warning  'math' is not defined                               no-undef
  4117:34   warning  'math' is not defined                               no-undef
  4117:43   warning  'math' is not defined                               no-undef
  4117:50   warning  'math' is not defined                               no-undef
  4118:13   warning  'math' is not defined                               no-undef
  4118:34   warning  'math' is not defined                               no-undef
  4118:43   warning  'math' is not defined                               no-undef
  4118:50   warning  'math' is not defined                               no-undef
  4120:15   warning  'math' is not defined                               no-undef
  4120:31   warning  'math' is not defined                               no-undef
  4153:18   warning  'CanvasJS' is not defined                           no-undef
  4156:2    warning  Mixed spaces and tabs                               no-mixed-spaces-and-tabs
  4157:1    warning  Mixed spaces and tabs                               no-mixed-spaces-and-tabs
  4159:1    warning  Mixed spaces and tabs                               no-mixed-spaces-and-tabs
  4160:1    warning  Mixed spaces and tabs                               no-mixed-spaces-and-tabs
  4162:1    warning  Mixed spaces and tabs                               no-mixed-spaces-and-tabs
  4163:1    warning  Mixed spaces and tabs                               no-mixed-spaces-and-tabs
  4168:1    warning  Mixed spaces and tabs                               no-mixed-spaces-and-tabs
  4194:6    warning  'chart' is already defined                          no-redeclare
  4194:18   warning  'CanvasJS' is not defined                           no-undef
  4197:2    warning  Mixed spaces and tabs                               no-mixed-spaces-and-tabs
  4198:1    warning  Mixed spaces and tabs                               no-mixed-spaces-and-tabs
  4200:1    warning  Mixed spaces and tabs                               no-mixed-spaces-and-tabs
  4201:1    warning  Mixed spaces and tabs                               no-mixed-spaces-and-tabs
  4203:1    warning  Mixed spaces and tabs                               no-mixed-spaces-and-tabs
  4204:1    warning  Mixed spaces and tabs                               no-mixed-spaces-and-tabs
  4209:1    warning  Mixed spaces and tabs                               no-mixed-spaces-and-tabs
  4220:1    warning  Mixed spaces and tabs                               no-mixed-spaces-and-tabs
  4232:1    warning  Mixed spaces and tabs                               no-mixed-spaces-and-tabs
  4252:6    warning  'chart' is already defined                          no-redeclare
  4252:18   warning  'CanvasJS' is not defined                           no-undef
  4255:2    warning  Mixed spaces and tabs                               no-mixed-spaces-and-tabs
  4256:1    warning  Mixed spaces and tabs                               no-mixed-spaces-and-tabs
  4258:1    warning  Mixed spaces and tabs                               no-mixed-spaces-and-tabs
  4259:1    warning  Mixed spaces and tabs                               no-mixed-spaces-and-tabs
  4261:1    warning  Mixed spaces and tabs                               no-mixed-spaces-and-tabs
  4262:1    warning  Mixed spaces and tabs                               no-mixed-spaces-and-tabs
  4267:1    warning  Mixed spaces and tabs                               no-mixed-spaces-and-tabs
  4278:1    warning  Mixed spaces and tabs                               no-mixed-spaces-and-tabs
  4286:1    warning  Mixed spaces and tabs                               no-mixed-spaces-and-tabs
  4298:1    warning  Mixed spaces and tabs                               no-mixed-spaces-and-tabs
  4306:1    warning  Mixed spaces and tabs                               no-mixed-spaces-and-tabs
  4325:6    warning  'chart' is already defined                          no-redeclare
  4325:18   warning  'CanvasJS' is not defined                           no-undef
  4328:2    warning  Mixed spaces and tabs                               no-mixed-spaces-and-tabs
  4329:1    warning  Mixed spaces and tabs                               no-mixed-spaces-and-tabs
  4331:1    warning  Mixed spaces and tabs                               no-mixed-spaces-and-tabs
  4332:1    warning  Mixed spaces and tabs                               no-mixed-spaces-and-tabs
  4334:1    warning  Mixed spaces and tabs                               no-mixed-spaces-and-tabs
  4335:1    warning  Mixed spaces and tabs                               no-mixed-spaces-and-tabs
  4340:1    warning  Mixed spaces and tabs                               no-mixed-spaces-and-tabs
  4351:1    warning  Mixed spaces and tabs                               no-mixed-spaces-and-tabs
  4359:1    warning  Mixed spaces and tabs                               no-mixed-spaces-and-tabs
  4367:1    warning  Mixed spaces and tabs                               no-mixed-spaces-and-tabs
  4379:1    warning  Mixed spaces and tabs                               no-mixed-spaces-and-tabs
  4387:1    warning  Mixed spaces and tabs                               no-mixed-spaces-and-tabs
  4395:1    warning  Mixed spaces and tabs                               no-mixed-spaces-and-tabs
  4527:13   warning  'math' is not defined                               no-undef
  4537:17   warning  'math' is not defined                               no-undef
  4537:34   warning  'math' is not defined                               no-undef
  4537:48   warning  'math' is not defined                               no-undef
  4537:71   warning  'math' is not defined                               no-undef
  4537:94   warning  'math' is not defined                               no-undef
  4538:15   warning  'math' is not defined                               no-undef
  4538:32   warning  'math' is not defined                               no-undef
  4538:52   warning  'math' is not defined                               no-undef
  4538:79   warning  'math' is not defined                               no-undef
  4539:15   warning  'math' is not defined                               no-undef
  4539:32   warning  'math' is not defined                               no-undef
  4539:52   warning  'math' is not defined                               no-undef
  4539:79   warning  'math' is not defined                               no-undef
  4540:15   warning  'math' is not defined                               no-undef
  4540:32   warning  'math' is not defined                               no-undef
  4540:52   warning  'math' is not defined                               no-undef
  4540:79   warning  'math' is not defined                               no-undef
  4543:13   warning  'math' is not defined                               no-undef
  4543:34   warning  'math' is not defined                               no-undef
  4543:43   warning  'math' is not defined                               no-undef
  4543:50   warning  'math' is not defined                               no-undef
  4544:13   warning  'math' is not defined                               no-undef
  4544:34   warning  'math' is not defined                               no-undef
  4544:43   warning  'math' is not defined                               no-undef
  4544:50   warning  'math' is not defined                               no-undef
  4545:13   warning  'math' is not defined                               no-undef
  4545:34   warning  'math' is not defined                               no-undef
  4545:43   warning  'math' is not defined                               no-undef
  4545:50   warning  'math' is not defined                               no-undef
  4547:15   warning  'math' is not defined                               no-undef
  4547:31   warning  'math' is not defined                               no-undef
  4559:18   warning  'CanvasJS' is not defined                           no-undef
  4562:2    warning  Mixed spaces and tabs                               no-mixed-spaces-and-tabs
  4563:1    warning  Mixed spaces and tabs                               no-mixed-spaces-and-tabs
  4565:1    warning  Mixed spaces and tabs                               no-mixed-spaces-and-tabs
  4566:1    warning  Mixed spaces and tabs                               no-mixed-spaces-and-tabs
  4568:1    warning  Mixed spaces and tabs                               no-mixed-spaces-and-tabs
  4569:1    warning  Mixed spaces and tabs                               no-mixed-spaces-and-tabs
  4574:1    warning  Mixed spaces and tabs                               no-mixed-spaces-and-tabs
  4605:41   warning  'data25' is defined but never used                  no-unused-vars
  4605:64   warning  'ks5' is defined but never used                     no-unused-vars
  4627:13   warning  'math' is not defined                               no-undef
  4637:17   warning  'math' is not defined                               no-undef
  4637:34   warning  'math' is not defined                               no-undef
  4637:48   warning  'math' is not defined                               no-undef
  4637:71   warning  'math' is not defined                               no-undef
  4637:94   warning  'math' is not defined                               no-undef
  4638:15   warning  'math' is not defined                               no-undef
  4638:32   warning  'math' is not defined                               no-undef
  4638:52   warning  'math' is not defined                               no-undef
  4638:79   warning  'math' is not defined                               no-undef
  4639:15   warning  'math' is not defined                               no-undef
  4639:32   warning  'math' is not defined                               no-undef
  4639:52   warning  'math' is not defined                               no-undef
  4639:79   warning  'math' is not defined                               no-undef
  4640:15   warning  'math' is not defined                               no-undef
  4640:32   warning  'math' is not defined                               no-undef
  4640:52   warning  'math' is not defined                               no-undef
  4640:79   warning  'math' is not defined                               no-undef
  4643:13   warning  'math' is not defined                               no-undef
  4643:34   warning  'math' is not defined                               no-undef
  4643:43   warning  'math' is not defined                               no-undef
  4643:50   warning  'math' is not defined                               no-undef
  4644:13   warning  'math' is not defined                               no-undef
  4644:34   warning  'math' is not defined                               no-undef
  4644:43   warning  'math' is not defined                               no-undef
  4644:50   warning  'math' is not defined                               no-undef
  4645:13   warning  'math' is not defined                               no-undef
  4645:34   warning  'math' is not defined                               no-undef
  4645:43   warning  'math' is not defined                               no-undef
  4645:50   warning  'math' is not defined                               no-undef
  4647:15   warning  'math' is not defined                               no-undef
  4647:31   warning  'math' is not defined                               no-undef
  4681:18   warning  'CanvasJS' is not defined                           no-undef
  4684:2    warning  Mixed spaces and tabs                               no-mixed-spaces-and-tabs
  4685:1    warning  Mixed spaces and tabs                               no-mixed-spaces-and-tabs
  4687:1    warning  Mixed spaces and tabs                               no-mixed-spaces-and-tabs
  4688:1    warning  Mixed spaces and tabs                               no-mixed-spaces-and-tabs
  4690:1    warning  Mixed spaces and tabs                               no-mixed-spaces-and-tabs
  4691:1    warning  Mixed spaces and tabs                               no-mixed-spaces-and-tabs
  4696:1    warning  Mixed spaces and tabs                               no-mixed-spaces-and-tabs
  4723:6    warning  'chart' is already defined                          no-redeclare
  4723:18   warning  'CanvasJS' is not defined                           no-undef
  4726:2    warning  Mixed spaces and tabs                               no-mixed-spaces-and-tabs
  4727:1    warning  Mixed spaces and tabs                               no-mixed-spaces-and-tabs
  4729:1    warning  Mixed spaces and tabs                               no-mixed-spaces-and-tabs
  4730:1    warning  Mixed spaces and tabs                               no-mixed-spaces-and-tabs
  4732:1    warning  Mixed spaces and tabs                               no-mixed-spaces-and-tabs
  4733:1    warning  Mixed spaces and tabs                               no-mixed-spaces-and-tabs
  4738:1    warning  Mixed spaces and tabs                               no-mixed-spaces-and-tabs
  4749:1    warning  Mixed spaces and tabs                               no-mixed-spaces-and-tabs
  4761:1    warning  Mixed spaces and tabs                               no-mixed-spaces-and-tabs
  4779:6    warning  'chart' is already defined                          no-redeclare
  4779:18   warning  'CanvasJS' is not defined                           no-undef
  4782:2    warning  Mixed spaces and tabs                               no-mixed-spaces-and-tabs
  4783:1    warning  Mixed spaces and tabs                               no-mixed-spaces-and-tabs
  4785:1    warning  Mixed spaces and tabs                               no-mixed-spaces-and-tabs
  4786:1    warning  Mixed spaces and tabs                               no-mixed-spaces-and-tabs
  4788:1    warning  Mixed spaces and tabs                               no-mixed-spaces-and-tabs
  4789:1    warning  Mixed spaces and tabs                               no-mixed-spaces-and-tabs
  4794:1    warning  Mixed spaces and tabs                               no-mixed-spaces-and-tabs
  4805:1    warning  Mixed spaces and tabs                               no-mixed-spaces-and-tabs
  4813:1    warning  Mixed spaces and tabs                               no-mixed-spaces-and-tabs
  4825:1    warning  Mixed spaces and tabs                               no-mixed-spaces-and-tabs
  4832:1    warning  Mixed spaces and tabs                               no-mixed-spaces-and-tabs
  4850:6    warning  'chart' is already defined                          no-redeclare
  4850:18   warning  'CanvasJS' is not defined                           no-undef
  4853:2    warning  Mixed spaces and tabs                               no-mixed-spaces-and-tabs
  4854:1    warning  Mixed spaces and tabs                               no-mixed-spaces-and-tabs
  4856:1    warning  Mixed spaces and tabs                               no-mixed-spaces-and-tabs
  4857:1    warning  Mixed spaces and tabs                               no-mixed-spaces-and-tabs
  4859:1    warning  Mixed spaces and tabs                               no-mixed-spaces-and-tabs
  4860:1    warning  Mixed spaces and tabs                               no-mixed-spaces-and-tabs
  4865:1    warning  Mixed spaces and tabs                               no-mixed-spaces-and-tabs
  4876:1    warning  Mixed spaces and tabs                               no-mixed-spaces-and-tabs
  4884:1    warning  Mixed spaces and tabs                               no-mixed-spaces-and-tabs
  4892:1    warning  Mixed spaces and tabs                               no-mixed-spaces-and-tabs
  4904:1    warning  Mixed spaces and tabs                               no-mixed-spaces-and-tabs
  4911:1    warning  Mixed spaces and tabs                               no-mixed-spaces-and-tabs
  4918:1    warning  Mixed spaces and tabs                               no-mixed-spaces-and-tabs
  5041:10   warning  'DC_Motor' is defined but never used                no-unused-vars
  5050:9    warning  'math' is not defined                               no-undef
  5050:26   warning  'math' is not defined                               no-undef
  5055:10   warning  'math' is not defined                               no-undef
  5055:25   warning  'math' is not defined                               no-undef
  5055:34   warning  'math' is not defined                               no-undef
  5055:54   warning  'math' is not defined                               no-undef
  5056:12   warning  'math' is not defined                               no-undef
  5056:24   warning  'math' is not defined                               no-undef
  5056:44   warning  'math' is not defined                               no-undef
  5056:53   warning  'math' is not defined                               no-undef
  5056:73   warning  'math' is not defined                               no-undef
  5060:9    warning  'math' is not defined                               no-undef
  5060:23   warning  'math' is not defined                               no-undef
  5060:45   warning  'math' is not defined                               no-undef
  5060:61   warning  'math' is not defined                               no-undef
  5060:70   warning  'math' is not defined                               no-undef
  5060:78   warning  'math' is not defined                               no-undef
  5062:10   warning  'math' is not defined                               no-undef
  5062:24   warning  'math' is not defined                               no-undef
  5062:48   warning  'math' is not defined                               no-undef
  5065:5    warning  'N' is assigned a value but never used              no-unused-vars
  5065:9    warning  'math' is not defined                               no-undef
  5065:21   warning  'math' is not defined                               no-undef
  5065:45   warning  'math' is not defined                               no-undef
  5065:61   warning  'math' is not defined                               no-undef
  5070:10   warning  'math' is not defined                               no-undef
  5071:10   warning  'math' is not defined                               no-undef
  5073:10   warning  'math' is not defined                               no-undef
  5073:24   warning  'math' is not defined                               no-undef
  5073:45   warning  'math' is not defined                               no-undef
  5075:9    warning  'math' is not defined                               no-undef
  5078:10   warning  'math' is not defined                               no-undef
  5099:18   warning  'CanvasJS' is not defined                           no-undef
  5102:2    warning  Mixed spaces and tabs                               no-mixed-spaces-and-tabs
  5103:1    warning  Mixed spaces and tabs                               no-mixed-spaces-and-tabs
  5105:1    warning  Mixed spaces and tabs                               no-mixed-spaces-and-tabs
  5106:1    warning  Mixed spaces and tabs                               no-mixed-spaces-and-tabs
  5108:1    warning  Mixed spaces and tabs                               no-mixed-spaces-and-tabs
  5109:1    warning  Mixed spaces and tabs                               no-mixed-spaces-and-tabs
  5114:1    warning  Mixed spaces and tabs                               no-mixed-spaces-and-tabs
  5153:9    warning  'math' is not defined                               no-undef
  5153:26   warning  'math' is not defined                               no-undef
  5173:10   warning  'math' is not defined                               no-undef
  5173:25   warning  'math' is not defined                               no-undef
  5173:34   warning  'math' is not defined                               no-undef
  5173:54   warning  'math' is not defined                               no-undef
  5174:12   warning  'math' is not defined                               no-undef
  5174:24   warning  'math' is not defined                               no-undef
  5174:44   warning  'math' is not defined                               no-undef
  5174:53   warning  'math' is not defined                               no-undef
  5174:73   warning  'math' is not defined                               no-undef
  5178:9    warning  'math' is not defined                               no-undef
  5178:23   warning  'math' is not defined                               no-undef
  5178:45   warning  'math' is not defined                               no-undef
  5178:61   warning  'math' is not defined                               no-undef
  5178:70   warning  'math' is not defined                               no-undef
  5178:78   warning  'math' is not defined                               no-undef
  5180:10   warning  'math' is not defined                               no-undef
  5180:24   warning  'math' is not defined                               no-undef
  5180:48   warning  'math' is not defined                               no-undef
  5183:5    warning  'N' is assigned a value but never used              no-unused-vars
  5183:9    warning  'math' is not defined                               no-undef
  5183:21   warning  'math' is not defined                               no-undef
  5183:45   warning  'math' is not defined                               no-undef
  5183:61   warning  'math' is not defined                               no-undef
  5185:10   warning  'math' is not defined                               no-undef
  5185:22   warning  'math' is not defined                               no-undef
  5188:9    warning  'math' is not defined                               no-undef
  5191:10   warning  'math' is not defined                               no-undef
  5220:10   warning  'DC_group' is defined but never used                no-unused-vars
  5228:18   warning  'CanvasJS' is not defined                           no-undef
  5231:2    warning  Mixed spaces and tabs                               no-mixed-spaces-and-tabs
  5232:1    warning  Mixed spaces and tabs                               no-mixed-spaces-and-tabs
  5234:1    warning  Mixed spaces and tabs                               no-mixed-spaces-and-tabs
  5235:1    warning  Mixed spaces and tabs                               no-mixed-spaces-and-tabs
  5237:1    warning  Mixed spaces and tabs                               no-mixed-spaces-and-tabs
  5238:1    warning  Mixed spaces and tabs                               no-mixed-spaces-and-tabs
  5243:1    warning  Mixed spaces and tabs                               no-mixed-spaces-and-tabs
  5270:6    warning  'chart' is already defined                          no-redeclare
  5270:18   warning  'CanvasJS' is not defined                           no-undef
  5273:2    warning  Mixed spaces and tabs                               no-mixed-spaces-and-tabs
  5274:1    warning  Mixed spaces and tabs                               no-mixed-spaces-and-tabs
  5276:1    warning  Mixed spaces and tabs                               no-mixed-spaces-and-tabs
  5277:1    warning  Mixed spaces and tabs                               no-mixed-spaces-and-tabs
  5279:1    warning  Mixed spaces and tabs                               no-mixed-spaces-and-tabs
  5280:1    warning  Mixed spaces and tabs                               no-mixed-spaces-and-tabs
  5285:1    warning  Mixed spaces and tabs                               no-mixed-spaces-and-tabs
  5296:1    warning  Mixed spaces and tabs                               no-mixed-spaces-and-tabs
  5309:1    warning  Mixed spaces and tabs                               no-mixed-spaces-and-tabs
  5328:6    warning  'chart' is already defined                          no-redeclare
  5328:18   warning  'CanvasJS' is not defined                           no-undef
  5331:2    warning  Mixed spaces and tabs                               no-mixed-spaces-and-tabs
  5332:1    warning  Mixed spaces and tabs                               no-mixed-spaces-and-tabs
  5334:1    warning  Mixed spaces and tabs                               no-mixed-spaces-and-tabs
  5335:1    warning  Mixed spaces and tabs                               no-mixed-spaces-and-tabs
  5337:1    warning  Mixed spaces and tabs                               no-mixed-spaces-and-tabs
  5338:1    warning  Mixed spaces and tabs                               no-mixed-spaces-and-tabs
  5343:1    warning  Mixed spaces and tabs                               no-mixed-spaces-and-tabs
  5354:1    warning  Mixed spaces and tabs                               no-mixed-spaces-and-tabs
  5362:1    warning  Mixed spaces and tabs                               no-mixed-spaces-and-tabs
  5375:1    warning  Mixed spaces and tabs                               no-mixed-spaces-and-tabs
  5401:6    warning  'chart' is already defined                          no-redeclare
  5401:18   warning  'CanvasJS' is not defined                           no-undef
  5404:2    warning  Mixed spaces and tabs                               no-mixed-spaces-and-tabs
  5405:1    warning  Mixed spaces and tabs                               no-mixed-spaces-and-tabs
  5407:1    warning  Mixed spaces and tabs                               no-mixed-spaces-and-tabs
  5408:1    warning  Mixed spaces and tabs                               no-mixed-spaces-and-tabs
  5410:1    warning  Mixed spaces and tabs                               no-mixed-spaces-and-tabs
  5411:1    warning  Mixed spaces and tabs                               no-mixed-spaces-and-tabs
  5416:1    warning  Mixed spaces and tabs                               no-mixed-spaces-and-tabs
  5427:1    warning  Mixed spaces and tabs                               no-mixed-spaces-and-tabs
  5437:1    warning  Mixed spaces and tabs                               no-mixed-spaces-and-tabs
  5443:1    warning  Mixed spaces and tabs                               no-mixed-spaces-and-tabs
  5456:1    warning  Mixed spaces and tabs                               no-mixed-spaces-and-tabs
  5472:1    warning  Mixed spaces and tabs                               no-mixed-spaces-and-tabs
  5490:6    warning  'chart' is already defined                          no-redeclare
  5490:18   warning  'CanvasJS' is not defined                           no-undef
  5493:2    warning  Mixed spaces and tabs                               no-mixed-spaces-and-tabs
  5494:1    warning  Mixed spaces and tabs                               no-mixed-spaces-and-tabs
  5496:1    warning  Mixed spaces and tabs                               no-mixed-spaces-and-tabs
  5497:1    warning  Mixed spaces and tabs                               no-mixed-spaces-and-tabs
  5499:1    warning  Mixed spaces and tabs                               no-mixed-spaces-and-tabs
  5500:1    warning  Mixed spaces and tabs                               no-mixed-spaces-and-tabs
  5505:1    warning  Mixed spaces and tabs                               no-mixed-spaces-and-tabs
  5516:1    warning  Mixed spaces and tabs                               no-mixed-spaces-and-tabs
  5526:1    warning  Mixed spaces and tabs                               no-mixed-spaces-and-tabs
  5532:1    warning  Mixed spaces and tabs                               no-mixed-spaces-and-tabs
  5540:1    warning  Mixed spaces and tabs                               no-mixed-spaces-and-tabs
  5553:1    warning  Mixed spaces and tabs                               no-mixed-spaces-and-tabs
  5569:1    warning  Mixed spaces and tabs                               no-mixed-spaces-and-tabs
  5577:1    warning  Mixed spaces and tabs                               no-mixed-spaces-and-tabs
  5784:10   warning  'Bode' is defined but never used                    no-unused-vars
  5798:14   warning  'math' is not defined                               no-undef
  5800:13   warning  'math' is not defined                               no-undef
  5801:13   warning  'math' is not defined                               no-undef
  5802:12   warning  'math' is not defined                               no-undef
  5802:22   warning  'math' is not defined                               no-undef
  5803:12   warning  'math' is not defined                               no-undef
  5804:14   warning  'math' is not defined                               no-undef
  5804:31   warning  'math' is not defined                               no-undef
  5806:13   warning  'math' is not defined                               no-undef
  5806:27   warning  'math' is not defined                               no-undef
  5806:41   warning  'math' is not defined                               no-undef
  5806:58   warning  'math' is not defined                               no-undef
  5806:74   warning  'math' is not defined                               no-undef
  5806:85   warning  'math' is not defined                               no-undef
  5806:99   warning  'math' is not defined                               no-undef
  5806:109  warning  'math' is not defined                               no-undef
  5806:131  warning  'math' is not defined                               no-undef
  5806:147  warning  'math' is not defined                               no-undef
  5817:12   warning  'math' is not defined                               no-undef
  5818:17   warning  'math' is not defined                               no-undef
  5820:16   warning  'math' is not defined                               no-undef
  5821:16   warning  'math' is not defined                               no-undef
  5822:15   warning  'math' is not defined                               no-undef
  5822:25   warning  'math' is not defined                               no-undef
  5823:16   warning  'math' is not defined                               no-undef
  5824:10   warning  'math' is not defined                               no-undef
  5825:12   warning  'math' is not defined                               no-undef
  5825:29   warning  'math' is not defined                               no-undef
  5826:14   warning  'math' is not defined                               no-undef
  5828:17   warning  'math' is not defined                               no-undef
  5829:13   warning  'math' is not defined                               no-undef
  5830:12   warning  'math' is not defined                               no-undef
  5831:12   warning  'math' is not defined                               no-undef
  5831:26   warning  'math' is not defined                               no-undef
  5831:40   warning  'math' is not defined                               no-undef
  5831:56   warning  'math' is not defined                               no-undef
  5831:72   warning  'math' is not defined                               no-undef
  5831:83   warning  'math' is not defined                               no-undef
  5831:97   warning  'math' is not defined                               no-undef
  5831:107  warning  'math' is not defined                               no-undef
  5831:128  warning  'math' is not defined                               no-undef
  5831:144  warning  'math' is not defined                               no-undef
  5833:10   warning  'math' is not defined                               no-undef
  5834:14   warning  'math' is not defined                               no-undef
  5845:18   warning  'CanvasJS' is not defined                           no-undef
  5851:1    warning  Mixed spaces and tabs                               no-mixed-spaces-and-tabs
  5853:1    warning  Mixed spaces and tabs                               no-mixed-spaces-and-tabs
  5854:1    warning  Mixed spaces and tabs                               no-mixed-spaces-and-tabs
  5856:1    warning  Mixed spaces and tabs                               no-mixed-spaces-and-tabs
  5857:1    warning  Mixed spaces and tabs                               no-mixed-spaces-and-tabs
  5858:2    warning  Mixed spaces and tabs                               no-mixed-spaces-and-tabs
  5863:1    warning  Mixed spaces and tabs                               no-mixed-spaces-and-tabs
  5874:1    warning  Mixed spaces and tabs                               no-mixed-spaces-and-tabs
  5882:1    warning  Mixed spaces and tabs                               no-mixed-spaces-and-tabs
  5890:1    warning  Mixed spaces and tabs                               no-mixed-spaces-and-tabs
  5901:1    warning  Mixed spaces and tabs                               no-mixed-spaces-and-tabs
  5913:1    warning  Mixed spaces and tabs                               no-mixed-spaces-and-tabs
  5925:1    warning  Mixed spaces and tabs                               no-mixed-spaces-and-tabs
  5937:1    warning  Mixed spaces and tabs                               no-mixed-spaces-and-tabs
  5948:19   warning  'CanvasJS' is not defined                           no-undef
  5954:1    warning  Mixed spaces and tabs                               no-mixed-spaces-and-tabs
  5956:1    warning  Mixed spaces and tabs                               no-mixed-spaces-and-tabs
  5957:1    warning  Mixed spaces and tabs                               no-mixed-spaces-and-tabs
  5959:1    warning  Mixed spaces and tabs                               no-mixed-spaces-and-tabs
  5960:1    warning  Mixed spaces and tabs                               no-mixed-spaces-and-tabs
  5961:2    warning  Mixed spaces and tabs                               no-mixed-spaces-and-tabs
  5966:1    warning  Mixed spaces and tabs                               no-mixed-spaces-and-tabs
  5977:1    warning  Mixed spaces and tabs                               no-mixed-spaces-and-tabs
  5985:1    warning  Mixed spaces and tabs                               no-mixed-spaces-and-tabs
  5993:1    warning  Mixed spaces and tabs                               no-mixed-spaces-and-tabs
  6001:1    warning  Mixed spaces and tabs                               no-mixed-spaces-and-tabs
  6010:1    warning  Mixed spaces and tabs                               no-mixed-spaces-and-tabs
  6011:1    warning  Mixed spaces and tabs                               no-mixed-spaces-and-tabs
  6012:1    warning  Mixed spaces and tabs                               no-mixed-spaces-and-tabs
  6024:1    warning  Mixed spaces and tabs                               no-mixed-spaces-and-tabs
  6036:1    warning  Mixed spaces and tabs                               no-mixed-spaces-and-tabs
  6048:1    warning  Mixed spaces and tabs                               no-mixed-spaces-and-tabs
  6061:1    warning  Mixed spaces and tabs                               no-mixed-spaces-and-tabs
  6078:10   warning  'Nyquist' is defined but never used                 no-unused-vars
  6093:14   warning  'math' is not defined                               no-undef
  6095:13   warning  'math' is not defined                               no-undef
  6096:13   warning  'math' is not defined                               no-undef
  6097:12   warning  'math' is not defined                               no-undef
  6097:22   warning  'math' is not defined                               no-undef
  6098:12   warning  'math' is not defined                               no-undef
  6099:5    warning  'gaindb' is assigned a value but never used         no-unused-vars
  6099:14   warning  'math' is not defined                               no-undef
  6099:31   warning  'math' is not defined                               no-undef
  6102:13   warning  'math' is not defined                               no-undef
  6102:22   warning  'math' is not defined                               no-undef
  6102:36   warning  'math' is not defined                               no-undef
  6102:50   warning  'math' is not defined                               no-undef
  6102:67   warning  'math' is not defined                               no-undef
  6102:83   warning  'math' is not defined                               no-undef
  6102:94   warning  'math' is not defined                               no-undef
  6102:108  warning  'math' is not defined                               no-undef
  6102:118  warning  'math' is not defined                               no-undef
  6102:140  warning  'math' is not defined                               no-undef
  6102:156  warning  'math' is not defined                               no-undef
  6105:16   warning  'math' is not defined                               no-undef
  6116:19   warning  'math' is not defined                               no-undef
  6116:38   warning  'math' is not defined                               no-undef
  6117:19   warning  'math' is not defined                               no-undef
  6117:38   warning  'math' is not defined                               no-undef
  6135:10   warning  'math' is not defined                               no-undef
  6137:10   warning  'math' is not defined                               no-undef
  6138:10   warning  'math' is not defined                               no-undef
  6139:9    warning  'math' is not defined                               no-undef
  6139:19   warning  'math' is not defined                               no-undef
  6140:9    warning  'math' is not defined                               no-undef
  6143:9    warning  'math' is not defined                               no-undef
  6143:18   warning  'math' is not defined                               no-undef
  6143:32   warning  'math' is not defined                               no-undef
  6143:46   warning  'math' is not defined                               no-undef
  6143:59   warning  'math' is not defined                               no-undef
  6143:75   warning  'math' is not defined                               no-undef
  6143:86   warning  'math' is not defined                               no-undef
  6143:100  warning  'math' is not defined                               no-undef
  6143:110  warning  'math' is not defined                               no-undef
  6143:128  warning  'math' is not defined                               no-undef
  6143:144  warning  'math' is not defined                               no-undef
  6146:14   warning  'math' is not defined                               no-undef
  6148:5    warning  'sAlpha' is assigned a value but never used         no-unused-vars
  6148:14   warning  'math' is not defined                               no-undef
  6148:28   warning  'math' is not defined                               no-undef
  6148:45   warning  'math' is not defined                               no-undef
  6148:61   warning  'math' is not defined                               no-undef
  6149:5    warning  'cAlpha' is assigned a value but never used         no-unused-vars
  6149:14   warning  'math' is not defined                               no-undef
  6149:28   warning  'math' is not defined                               no-undef
  6149:45   warning  'math' is not defined                               no-undef
  6149:61   warning  'math' is not defined                               no-undef
  6151:11   warning  'math' is not defined                               no-undef
  6151:27   warning  'math' is not defined                               no-undef
  6152:11   warning  'math' is not defined                               no-undef
  6152:27   warning  'math' is not defined                               no-undef
  6156:12   warning  'math' is not defined                               no-undef
  6157:17   warning  'math' is not defined                               no-undef
  6159:16   warning  'math' is not defined                               no-undef
  6160:16   warning  'math' is not defined                               no-undef
  6161:15   warning  'math' is not defined                               no-undef
  6161:25   warning  'math' is not defined                               no-undef
  6162:16   warning  'math' is not defined                               no-undef
  6163:10   warning  'math' is not defined                               no-undef
  6164:12   warning  'math' is not defined                               no-undef
  6164:29   warning  'math' is not defined                               no-undef
  6168:17   warning  'math' is not defined                               no-undef
  6169:13   warning  'math' is not defined                               no-undef
  6171:12   warning  'math' is not defined                               no-undef
  6172:12   warning  'math' is not defined                               no-undef
  6172:26   warning  'math' is not defined                               no-undef
  6172:40   warning  'math' is not defined                               no-undef
  6172:56   warning  'math' is not defined                               no-undef
  6172:72   warning  'math' is not defined                               no-undef
  6172:83   warning  'math' is not defined                               no-undef
  6172:97   warning  'math' is not defined                               no-undef
  6172:107  warning  'math' is not defined                               no-undef
  6172:128  warning  'math' is not defined                               no-undef
  6172:144  warning  'math' is not defined                               no-undef
  6173:10   warning  'math' is not defined                               no-undef
  6177:11   warning  'math' is not defined                               no-undef
  6179:11   warning  'math' is not defined                               no-undef
  6180:11   warning  'math' is not defined                               no-undef
  6181:10   warning  'math' is not defined                               no-undef
  6181:20   warning  'math' is not defined                               no-undef
  6182:10   warning  'math' is not defined                               no-undef
  6183:5    warning  'ggdb' is assigned a value but never used           no-unused-vars
  6183:12   warning  'math' is not defined                               no-undef
  6183:29   warning  'math' is not defined                               no-undef
  6186:10   warning  'math' is not defined                               no-undef
  6186:19   warning  'math' is not defined                               no-undef
  6186:33   warning  'math' is not defined                               no-undef
  6186:47   warning  'math' is not defined                               no-undef
  6186:61   warning  'math' is not defined                               no-undef
  6186:77   warning  'math' is not defined                               no-undef
  6186:88   warning  'math' is not defined                               no-undef
  6186:102  warning  'math' is not defined                               no-undef
  6186:112  warning  'math' is not defined                               no-undef
  6186:131  warning  'math' is not defined                               no-undef
  6186:147  warning  'math' is not defined                               no-undef
  6189:15   warning  'math' is not defined                               no-undef
  6191:5    warning  'sgAlpha' is assigned a value but never used        no-unused-vars
  6191:15   warning  'math' is not defined                               no-undef
  6191:29   warning  'math' is not defined                               no-undef
  6191:47   warning  'math' is not defined                               no-undef
  6191:63   warning  'math' is not defined                               no-undef
  6192:5    warning  'cgAlpha' is assigned a value but never used        no-unused-vars
  6192:15   warning  'math' is not defined                               no-undef
  6192:29   warning  'math' is not defined                               no-undef
  6192:47   warning  'math' is not defined                               no-undef
  6192:63   warning  'math' is not defined                               no-undef
  6194:5    warning  'xgco' is assigned a value but never used           no-unused-vars
  6194:12   warning  'math' is not defined                               no-undef
  6194:29   warning  'math' is not defined                               no-undef
  6195:12   warning  'math' is not defined                               no-undef
  6195:29   warning  'math' is not defined                               no-undef
  6199:11   warning  'math' is not defined                               no-undef
  6201:12   warning  'math' is not defined                               no-undef
  6202:12   warning  'math' is not defined                               no-undef
  6203:11   warning  'math' is not defined                               no-undef
  6203:21   warning  'math' is not defined                               no-undef
  6204:11   warning  'math' is not defined                               no-undef
  6205:5    warning  'gpgdb' is assigned a value but never used          no-unused-vars
  6205:13   warning  'math' is not defined                               no-undef
  6205:30   warning  'math' is not defined                               no-undef
  6208:11   warning  'math' is not defined                               no-undef
  6208:20   warning  'math' is not defined                               no-undef
  6208:34   warning  'math' is not defined                               no-undef
  6208:48   warning  'math' is not defined                               no-undef
  6208:62   warning  'math' is not defined                               no-undef
  6208:78   warning  'math' is not defined                               no-undef
  6208:89   warning  'math' is not defined                               no-undef
  6208:103  warning  'math' is not defined                               no-undef
  6208:113  warning  'math' is not defined                               no-undef
  6208:132  warning  'math' is not defined                               no-undef
  6208:148  warning  'math' is not defined                               no-undef
  6211:16   warning  'math' is not defined                               no-undef
  6211:27   warning  'math' is not defined                               no-undef
  6213:5    warning  'spgAlpha' is assigned a value but never used       no-unused-vars
  6213:16   warning  'math' is not defined                               no-undef
  6213:30   warning  'math' is not defined                               no-undef
  6213:49   warning  'math' is not defined                               no-undef
  6213:65   warning  'math' is not defined                               no-undef
  6214:5    warning  'cpgAlpha' is assigned a value but never used       no-unused-vars
  6214:16   warning  'math' is not defined                               no-undef
  6214:30   warning  'math' is not defined                               no-undef
  6214:49   warning  'math' is not defined                               no-undef
  6214:65   warning  'math' is not defined                               no-undef
  6216:5    warning  'xpgco' is assigned a value but never used          no-unused-vars
  6216:13   warning  'math' is not defined                               no-undef
  6216:31   warning  'math' is not defined                               no-undef
  6217:5    warning  'ypgco' is assigned a value but never used          no-unused-vars
  6217:13   warning  'math' is not defined                               no-undef
  6217:31   warning  'math' is not defined                               no-undef
  6235:18   warning  'CanvasJS' is not defined                           no-undef
  6241:1    warning  Mixed spaces and tabs                               no-mixed-spaces-and-tabs
  6243:1    warning  Mixed spaces and tabs                               no-mixed-spaces-and-tabs
  6244:1    warning  Mixed spaces and tabs                               no-mixed-spaces-and-tabs
  6246:1    warning  Mixed spaces and tabs                               no-mixed-spaces-and-tabs
  6247:1    warning  Mixed spaces and tabs                               no-mixed-spaces-and-tabs
  6248:2    warning  Mixed spaces and tabs                               no-mixed-spaces-and-tabs
  6255:1    warning  Mixed spaces and tabs                               no-mixed-spaces-and-tabs
  6266:1    warning  Mixed spaces and tabs                               no-mixed-spaces-and-tabs
  6274:1    warning  Mixed spaces and tabs                               no-mixed-spaces-and-tabs
  6282:1    warning  Mixed spaces and tabs                               no-mixed-spaces-and-tabs
  6290:1    warning  Mixed spaces and tabs                               no-mixed-spaces-and-tabs
  6298:1    warning  Mixed spaces and tabs                               no-mixed-spaces-and-tabs
  6306:1    warning  Mixed spaces and tabs                               no-mixed-spaces-and-tabs
  6314:1    warning  Mixed spaces and tabs                               no-mixed-spaces-and-tabs
  6322:1    warning  Mixed spaces and tabs                               no-mixed-spaces-and-tabs
  6330:1    warning  Mixed spaces and tabs                               no-mixed-spaces-and-tabs
  6338:1    warning  Mixed spaces and tabs                               no-mixed-spaces-and-tabs
  6347:1    warning  Mixed spaces and tabs                               no-mixed-spaces-and-tabs
  6362:1    warning  Mixed spaces and tabs                               no-mixed-spaces-and-tabs
  6372:1    warning  Mixed spaces and tabs                               no-mixed-spaces-and-tabs
  6380:1    warning  Mixed spaces and tabs                               no-mixed-spaces-and-tabs
  6390:1    warning  Mixed spaces and tabs                               no-mixed-spaces-and-tabs
  6391:1    warning  Mixed spaces and tabs                               no-mixed-spaces-and-tabs
  6393:1    warning  Mixed spaces and tabs                               no-mixed-spaces-and-tabs
  6394:1    warning  Mixed spaces and tabs                               no-mixed-spaces-and-tabs
  6395:1    warning  Mixed spaces and tabs                               no-mixed-spaces-and-tabs
  6396:1    warning  Mixed spaces and tabs                               no-mixed-spaces-and-tabs
  6397:1    warning  Mixed spaces and tabs                               no-mixed-spaces-and-tabs
  6398:1    warning  Mixed spaces and tabs                               no-mixed-spaces-and-tabs
  6409:1    warning  Mixed spaces and tabs                               no-mixed-spaces-and-tabs
  6421:1    warning  Mixed spaces and tabs                               no-mixed-spaces-and-tabs
  6430:1    warning  Mixed spaces and tabs                               no-mixed-spaces-and-tabs
  6438:1    warning  Mixed spaces and tabs                               no-mixed-spaces-and-tabs
  6440:1    warning  Mixed spaces and tabs                               no-mixed-spaces-and-tabs
  6449:1    warning  Mixed spaces and tabs                               no-mixed-spaces-and-tabs
  6451:1    warning  Mixed spaces and tabs                               no-mixed-spaces-and-tabs
  6459:1    warning  Mixed spaces and tabs                               no-mixed-spaces-and-tabs
  6461:1    warning  Mixed spaces and tabs                               no-mixed-spaces-and-tabs
  6469:1    warning  Mixed spaces and tabs                               no-mixed-spaces-and-tabs
  6471:1    warning  Mixed spaces and tabs                               no-mixed-spaces-and-tabs
  6475:1    warning  Mixed spaces and tabs                               no-mixed-spaces-and-tabs
  6490:10   warning  'problem1_simulation' is defined but never used     no-unused-vars
  6508:10   warning  'problem1_mulsimulation' is defined but never used  no-unused-vars
  6528:11   warning  'loci_plot' is defined but never used               no-unused-vars
  6547:11   warning  'loci_mulplot' is defined but never used            no-unused-vars
  6567:10   warning  'Refresh' is defined but never used                 no-unused-vars
  6580:10   warning  'ok3d' is defined but never used                    no-unused-vars
  6612:10   warning  'saveImg' is defined but never used                 no-unused-vars
  6613:1    warning  'html2canvas' is not defined                        no-undef

/home/runner/work/exp-simulation-control-systems-iitkgp/exp-simulation-control-systems-iitkgp/experiment/simulation/js/cs_dxp_updated_scnd.js
    8:10   warning  'problem1' is defined but never used          no-unused-vars
   13:10   warning  'scw' is defined but never used               no-unused-vars
   17:10   warning  'sci' is defined but never used               no-unused-vars
   21:10   warning  'sct' is defined but never used               no-unused-vars
   26:10   warning  'calcDC' is defined but never used            no-unused-vars
   32:5    warning  'B' is assigned a value but never used        no-unused-vars
   35:5    warning  'vs' is assigned a value but never used       no-unused-vars
   37:10   warning  'math' is not defined                         no-undef
   38:10   warning  'math' is not defined                         no-undef
   39:10   warning  'math' is not defined                         no-undef
   39:21   warning  'math' is not defined                         no-undef
   40:10   warning  'math' is not defined                         no-undef
   40:21   warning  'math' is not defined                         no-undef
   47:1    warning  '$' is not defined                            no-undef
   48:2    warning  '$' is not defined                            no-undef
   49:2    warning  '$' is not defined                            no-undef
   50:2    warning  '$' is not defined                            no-undef
   51:2    warning  '$' is not defined                            no-undef
   52:2    warning  '$' is not defined                            no-undef
   68:5    warning  'k' is assigned a value but never used        no-unused-vars
   69:5    warning  'ke' is assigned a value but never used       no-unused-vars
   70:5    warning  'Ra' is assigned a value but never used       no-unused-vars
   71:5    warning  'J' is assigned a value but never used        no-unused-vars
   72:5    warning  'B' is assigned a value but never used        no-unused-vars
   82:14   warning  'math' is not defined                         no-undef
   82:26   warning  'math' is not defined                         no-undef
   82:47   warning  'math' is not defined                         no-undef
   82:58   warning  'math' is not defined                         no-undef
   84:12   warning  'math' is not defined                         no-undef
   84:24   warning  'math' is not defined                         no-undef
   84:33   warning  'math' is not defined                         no-undef
   84:54   warning  'math' is not defined                         no-undef
   84:81   warning  'math' is not defined                         no-undef
   84:103  warning  'math' is not defined                         no-undef
   84:114  warning  'math' is not defined                         no-undef
   86:16   warning  'math' is not defined                         no-undef
   86:28   warning  'math' is not defined                         no-undef
  105:9    warning  'math' is not defined                         no-undef
  105:33   warning  'math' is not defined                         no-undef
  105:49   warning  'math' is not defined                         no-undef
  105:58   warning  'math' is not defined                         no-undef
  105:66   warning  'math' is not defined                         no-undef
  115:10   warning  'math' is not defined                         no-undef
  115:22   warning  'math' is not defined                         no-undef
  115:36   warning  'math' is not defined                         no-undef
  115:57   warning  'math' is not defined                         no-undef
  115:82   warning  'math' is not defined                         no-undef
  115:93   warning  'math' is not defined                         no-undef
  120:10   warning  'math' is not defined                         no-undef
  142:18   warning  'CanvasJS' is not defined                     no-undef
  145:2    warning  Mixed spaces and tabs                         no-mixed-spaces-and-tabs
  146:1    warning  Mixed spaces and tabs                         no-mixed-spaces-and-tabs
  148:1    warning  Mixed spaces and tabs                         no-mixed-spaces-and-tabs
  149:1    warning  Mixed spaces and tabs                         no-mixed-spaces-and-tabs
  151:1    warning  Mixed spaces and tabs                         no-mixed-spaces-and-tabs
  152:1    warning  Mixed spaces and tabs                         no-mixed-spaces-and-tabs
  157:1    warning  Mixed spaces and tabs                         no-mixed-spaces-and-tabs
  193:5    warning  'k' is assigned a value but never used        no-unused-vars
  194:5    warning  'ke' is assigned a value but never used       no-unused-vars
  195:5    warning  'Ra' is assigned a value but never used       no-unused-vars
  196:5    warning  'J' is assigned a value but never used        no-unused-vars
  197:5    warning  'B' is assigned a value but never used        no-unused-vars
  207:13   warning  'math' is not defined                         no-undef
  207:25   warning  'math' is not defined                         no-undef
  207:46   warning  'math' is not defined                         no-undef
  207:57   warning  'math' is not defined                         no-undef
  209:12   warning  'math' is not defined                         no-undef
  209:24   warning  'math' is not defined                         no-undef
  209:33   warning  'math' is not defined                         no-undef
  209:54   warning  'math' is not defined                         no-undef
  209:81   warning  'math' is not defined                         no-undef
  209:103  warning  'math' is not defined                         no-undef
  209:114  warning  'math' is not defined                         no-undef
  211:16   warning  'math' is not defined                         no-undef
  211:28   warning  'math' is not defined                         no-undef
  222:9    warning  'math' is not defined                         no-undef
  222:33   warning  'math' is not defined                         no-undef
  222:49   warning  'math' is not defined                         no-undef
  222:58   warning  'math' is not defined                         no-undef
  222:66   warning  'math' is not defined                         no-undef
  232:10   warning  'math' is not defined                         no-undef
  232:22   warning  'math' is not defined                         no-undef
  232:36   warning  'math' is not defined                         no-undef
  232:57   warning  'math' is not defined                         no-undef
  232:82   warning  'math' is not defined                         no-undef
  232:93   warning  'math' is not defined                         no-undef
  237:10   warning  'math' is not defined                         no-undef
  259:18   warning  'CanvasJS' is not defined                     no-undef
  262:2    warning  Mixed spaces and tabs                         no-mixed-spaces-and-tabs
  263:1    warning  Mixed spaces and tabs                         no-mixed-spaces-and-tabs
  265:1    warning  Mixed spaces and tabs                         no-mixed-spaces-and-tabs
  266:1    warning  Mixed spaces and tabs                         no-mixed-spaces-and-tabs
  268:1    warning  Mixed spaces and tabs                         no-mixed-spaces-and-tabs
  269:1    warning  Mixed spaces and tabs                         no-mixed-spaces-and-tabs
  274:1    warning  Mixed spaces and tabs                         no-mixed-spaces-and-tabs
  309:5    warning  'k' is assigned a value but never used        no-unused-vars
  310:5    warning  'ke' is assigned a value but never used       no-unused-vars
  311:5    warning  'Ra' is assigned a value but never used       no-unused-vars
  312:5    warning  'J' is assigned a value but never used        no-unused-vars
  313:5    warning  'B' is assigned a value but never used        no-unused-vars
  323:13   warning  'math' is not defined                         no-undef
  323:25   warning  'math' is not defined                         no-undef
  323:46   warning  'math' is not defined                         no-undef
  323:57   warning  'math' is not defined                         no-undef
  325:12   warning  'math' is not defined                         no-undef
  325:24   warning  'math' is not defined                         no-undef
  325:33   warning  'math' is not defined                         no-undef
  325:54   warning  'math' is not defined                         no-undef
  325:81   warning  'math' is not defined                         no-undef
  325:103  warning  'math' is not defined                         no-undef
  325:114  warning  'math' is not defined                         no-undef
  327:16   warning  'math' is not defined                         no-undef
  327:28   warning  'math' is not defined                         no-undef
  338:9    warning  'math' is not defined                         no-undef
  338:33   warning  'math' is not defined                         no-undef
  338:49   warning  'math' is not defined                         no-undef
  338:58   warning  'math' is not defined                         no-undef
  338:66   warning  'math' is not defined                         no-undef
  348:10   warning  'math' is not defined                         no-undef
  348:22   warning  'math' is not defined                         no-undef
  348:36   warning  'math' is not defined                         no-undef
  348:57   warning  'math' is not defined                         no-undef
  348:82   warning  'math' is not defined                         no-undef
  348:93   warning  'math' is not defined                         no-undef
  353:10   warning  'math' is not defined                         no-undef
  375:18   warning  'CanvasJS' is not defined                     no-undef
  378:2    warning  Mixed spaces and tabs                         no-mixed-spaces-and-tabs
  379:1    warning  Mixed spaces and tabs                         no-mixed-spaces-and-tabs
  381:1    warning  Mixed spaces and tabs                         no-mixed-spaces-and-tabs
  382:1    warning  Mixed spaces and tabs                         no-mixed-spaces-and-tabs
  384:1    warning  Mixed spaces and tabs                         no-mixed-spaces-and-tabs
  385:1    warning  Mixed spaces and tabs                         no-mixed-spaces-and-tabs
  390:1    warning  Mixed spaces and tabs                         no-mixed-spaces-and-tabs
  420:10   warning  'start_simulation' is defined but never used  no-unused-vars
  427:6    warning  'BL' is assigned a value but never used       no-unused-vars
  428:6    warning  'Rs' is assigned a value but never used       no-unused-vars
  458:10   warning  'DC_Motor_mulplot' is defined but never used  no-unused-vars
  466:9    warning  'math' is not defined                         no-undef
  466:26   warning  'math' is not defined                         no-undef
  486:10   warning  'math' is not defined                         no-undef
  486:25   warning  'math' is not defined                         no-undef
  486:34   warning  'math' is not defined                         no-undef
  486:54   warning  'math' is not defined                         no-undef
  487:12   warning  'math' is not defined                         no-undef
  487:24   warning  'math' is not defined                         no-undef
  487:44   warning  'math' is not defined                         no-undef
  487:53   warning  'math' is not defined                         no-undef
  487:73   warning  'math' is not defined                         no-undef
  491:9    warning  'math' is not defined                         no-undef
  491:23   warning  'math' is not defined                         no-undef
  491:45   warning  'math' is not defined                         no-undef
  491:61   warning  'math' is not defined                         no-undef
  491:70   warning  'math' is not defined                         no-undef
  491:78   warning  'math' is not defined                         no-undef
  493:10   warning  'math' is not defined                         no-undef
  493:24   warning  'math' is not defined                         no-undef
  493:48   warning  'math' is not defined                         no-undef
  496:5    warning  'N' is assigned a value but never used        no-unused-vars
  496:9    warning  'math' is not defined                         no-undef
  496:21   warning  'math' is not defined                         no-undef
  496:45   warning  'math' is not defined                         no-undef
  496:61   warning  'math' is not defined                         no-undef
  498:10   warning  'math' is not defined                         no-undef
  498:22   warning  'math' is not defined                         no-undef
  501:9    warning  'math' is not defined                         no-undef
  504:10   warning  'math' is not defined                         no-undef
  533:10   warning  'DC_group' is defined but never used          no-unused-vars
  541:18   warning  'CanvasJS' is not defined                     no-undef
  544:2    warning  Mixed spaces and tabs                         no-mixed-spaces-and-tabs
  545:1    warning  Mixed spaces and tabs                         no-mixed-spaces-and-tabs
  547:1    warning  Mixed spaces and tabs                         no-mixed-spaces-and-tabs
  548:1    warning  Mixed spaces and tabs                         no-mixed-spaces-and-tabs
  550:1    warning  Mixed spaces and tabs                         no-mixed-spaces-and-tabs
  551:1    warning  Mixed spaces and tabs                         no-mixed-spaces-and-tabs
  556:1    warning  Mixed spaces and tabs                         no-mixed-spaces-and-tabs
  583:6    warning  'chart' is already defined                    no-redeclare
  583:18   warning  'CanvasJS' is not defined                     no-undef
  586:2    warning  Mixed spaces and tabs                         no-mixed-spaces-and-tabs
  587:1    warning  Mixed spaces and tabs                         no-mixed-spaces-and-tabs
  589:1    warning  Mixed spaces and tabs                         no-mixed-spaces-and-tabs
  590:1    warning  Mixed spaces and tabs                         no-mixed-spaces-and-tabs
  592:1    warning  Mixed spaces and tabs                         no-mixed-spaces-and-tabs
  593:1    warning  Mixed spaces and tabs                         no-mixed-spaces-and-tabs
  598:1    warning  Mixed spaces and tabs                         no-mixed-spaces-and-tabs
  609:1    warning  Mixed spaces and tabs                         no-mixed-spaces-and-tabs
  622:1    warning  Mixed spaces and tabs                         no-mixed-spaces-and-tabs
  641:6    warning  'chart' is already defined                    no-redeclare
  641:18   warning  'CanvasJS' is not defined                     no-undef
  644:2    warning  Mixed spaces and tabs                         no-mixed-spaces-and-tabs
  645:1    warning  Mixed spaces and tabs                         no-mixed-spaces-and-tabs
  647:1    warning  Mixed spaces and tabs                         no-mixed-spaces-and-tabs
  648:1    warning  Mixed spaces and tabs                         no-mixed-spaces-and-tabs
  650:1    warning  Mixed spaces and tabs                         no-mixed-spaces-and-tabs
  651:1    warning  Mixed spaces and tabs                         no-mixed-spaces-and-tabs
  656:1    warning  Mixed spaces and tabs                         no-mixed-spaces-and-tabs
  667:1    warning  Mixed spaces and tabs                         no-mixed-spaces-and-tabs
  675:1    warning  Mixed spaces and tabs                         no-mixed-spaces-and-tabs
  688:1    warning  Mixed spaces and tabs                         no-mixed-spaces-and-tabs
  714:6    warning  'chart' is already defined                    no-redeclare
  714:18   warning  'CanvasJS' is not defined                     no-undef
  717:2    warning  Mixed spaces and tabs                         no-mixed-spaces-and-tabs
  718:1    warning  Mixed spaces and tabs                         no-mixed-spaces-and-tabs
  720:1    warning  Mixed spaces and tabs                         no-mixed-spaces-and-tabs
  721:1    warning  Mixed spaces and tabs                         no-mixed-spaces-and-tabs
  723:1    warning  Mixed spaces and tabs                         no-mixed-spaces-and-tabs
  724:1    warning  Mixed spaces and tabs                         no-mixed-spaces-and-tabs
  729:1    warning  Mixed spaces and tabs                         no-mixed-spaces-and-tabs
  740:1    warning  Mixed spaces and tabs                         no-mixed-spaces-and-tabs
  750:1    warning  Mixed spaces and tabs                         no-mixed-spaces-and-tabs
  756:1    warning  Mixed spaces and tabs                         no-mixed-spaces-and-tabs
  769:1    warning  Mixed spaces and tabs                         no-mixed-spaces-and-tabs
  785:1    warning  Mixed spaces and tabs                         no-mixed-spaces-and-tabs
  803:6    warning  'chart' is already defined                    no-redeclare
  803:18   warning  'CanvasJS' is not defined                     no-undef
  806:2    warning  Mixed spaces and tabs                         no-mixed-spaces-and-tabs
  807:1    warning  Mixed spaces and tabs                         no-mixed-spaces-and-tabs
  809:1    warning  Mixed spaces and tabs                         no-mixed-spaces-and-tabs
  810:1    warning  Mixed spaces and tabs                         no-mixed-spaces-and-tabs
  812:1    warning  Mixed spaces and tabs                         no-mixed-spaces-and-tabs
  813:1    warning  Mixed spaces and tabs                         no-mixed-spaces-and-tabs
  818:1    warning  Mixed spaces and tabs                         no-mixed-spaces-and-tabs
  829:1    warning  Mixed spaces and tabs                         no-mixed-spaces-and-tabs
  839:1    warning  Mixed spaces and tabs                         no-mixed-spaces-and-tabs
  845:1    warning  Mixed spaces and tabs                         no-mixed-spaces-and-tabs
  853:1    warning  Mixed spaces and tabs                         no-mixed-spaces-and-tabs
  866:1    warning  Mixed spaces and tabs                         no-mixed-spaces-and-tabs
  882:1    warning  Mixed spaces and tabs                         no-mixed-spaces-and-tabs
  890:1    warning  Mixed spaces and tabs                         no-mixed-spaces-and-tabs
  914:10   warning  'Refresh' is defined but never used           no-unused-vars
  949:10   warning  'saveImg' is defined but never used           no-unused-vars
  950:1    warning  'html2canvas' is not defined                  no-undef

/home/runner/work/exp-simulation-control-systems-iitkgp/exp-simulation-control-systems-iitkgp/experiment/simulation/js/cs_updated.js
     8:10   warning  'problem1' is defined but never used                no-unused-vars
    38:10   warning  'problem2' is defined but never used                no-unused-vars
    67:10   warning  'problem3' is defined but never used                no-unused-vars
    96:10   warning  'problem4' is defined but never used                no-unused-vars
   127:10   warning  'tostep' is defined but never used                  no-unused-vars
   133:10   warning  'toimpulse' is defined but never used               no-unused-vars
   153:14   warning  'math' is not defined                               no-undef
   153:32   warning  'math' is not defined                               no-undef
   153:42   warning  'math' is not defined                               no-undef
   153:59   warning  'math' is not defined                               no-undef
   154:11   warning  'math' is not defined                               no-undef
   156:10   warning  'math' is not defined                               no-undef
   156:22   warning  'math' is not defined                               no-undef
   156:36   warning  'math' is not defined                               no-undef
   159:10   warning  'math' is not defined                               no-undef
   159:22   warning  'math' is not defined                               no-undef
   162:10   warning  'math' is not defined                               no-undef
   162:24   warning  'math' is not defined                               no-undef
   169:10   warning  'math' is not defined                               no-undef
   169:26   warning  'math' is not defined                               no-undef
   169:35   warning  'math' is not defined                               no-undef
   173:8    warning  'math' is not defined                               no-undef
   173:24   warning  'math' is not defined                               no-undef
   173:33   warning  'math' is not defined                               no-undef
   174:8    warning  'math' is not defined                               no-undef
   174:24   warning  'math' is not defined                               no-undef
   174:33   warning  'math' is not defined                               no-undef
   184:9    warning  't' is already defined                              no-redeclare
   186:13   warning  'math' is not defined                               no-undef
   186:22   warning  'math' is not defined                               no-undef
   186:30   warning  'math' is not defined                               no-undef
   187:10   warning  'math' is not defined                               no-undef
   187:27   warning  'math' is not defined                               no-undef
   187:43   warning  'math' is not defined                               no-undef
   205:9    warning  't' is already defined                              no-redeclare
   206:10   warning  'math' is not defined                               no-undef
   206:28   warning  'math' is not defined                               no-undef
   206:38   warning  'math' is not defined                               no-undef
   206:55   warning  'math' is not defined                               no-undef
   207:13   warning  'math' is not defined                               no-undef
   208:14   warning  'math' is not defined                               no-undef
   208:23   warning  'math' is not defined                               no-undef
   208:31   warning  'math' is not defined                               no-undef
   209:13   warning  'math' is not defined                               no-undef
   209:23   warning  'math' is not defined                               no-undef
   209:40   warning  'math' is not defined                               no-undef
   211:10   warning  'math' is not defined                               no-undef
   211:27   warning  'math' is not defined                               no-undef
   211:41   warning  'math' is not defined                               no-undef
   211:68   warning  'math' is not defined                               no-undef
   211:77   warning  'math' is not defined                               no-undef
   211:86   warning  'math' is not defined                               no-undef
   216:5    warning  'wd' is already defined                             no-redeclare
   216:10   warning  'math' is not defined                               no-undef
   216:28   warning  'math' is not defined                               no-undef
   216:38   warning  'math' is not defined                               no-undef
   216:55   warning  'math' is not defined                               no-undef
   217:5    warning  'theta' is already defined                          no-redeclare
   217:13   warning  'math' is not defined                               no-undef
   218:5    warning  'rootz' is already defined                          no-redeclare
   218:13   warning  'math' is not defined                               no-undef
   218:23   warning  'math' is not defined                               no-undef
   218:40   warning  'math' is not defined                               no-undef
   220:16   warning  'math' is not defined                               no-undef
   220:25   warning  'math' is not defined                               no-undef
   220:33   warning  'math' is not defined                               no-undef
   221:16   warning  'math' is not defined                               no-undef
   221:25   warning  'math' is not defined                               no-undef
   221:33   warning  'math' is not defined                               no-undef
   222:16   warning  'math' is not defined                               no-undef
   222:25   warning  'math' is not defined                               no-undef
   222:33   warning  'math' is not defined                               no-undef
   224:7    warning  'math' is not defined                               no-undef
   224:24   warning  'math' is not defined                               no-undef
   224:38   warning  'math' is not defined                               no-undef
   224:67   warning  'math' is not defined                               no-undef
   224:76   warning  'math' is not defined                               no-undef
   224:85   warning  'math' is not defined                               no-undef
   225:7    warning  'math' is not defined                               no-undef
   225:24   warning  'math' is not defined                               no-undef
   225:38   warning  'math' is not defined                               no-undef
   225:67   warning  'math' is not defined                               no-undef
   225:76   warning  'math' is not defined                               no-undef
   225:85   warning  'math' is not defined                               no-undef
   226:7    warning  'math' is not defined                               no-undef
   226:24   warning  'math' is not defined                               no-undef
   226:38   warning  'math' is not defined                               no-undef
   226:67   warning  'math' is not defined                               no-undef
   226:76   warning  'math' is not defined                               no-undef
   226:85   warning  'math' is not defined                               no-undef
   236:9    warning  't' is already defined                              no-redeclare
   237:19   warning  'math' is not defined                               no-undef
   237:29   warning  'math' is not defined                               no-undef
   237:43   warning  'math' is not defined                               no-undef
   238:10   warning  'math' is not defined                               no-undef
   238:24   warning  'math' is not defined                               no-undef
   239:10   warning  'math' is not defined                               no-undef
   239:24   warning  'math' is not defined                               no-undef
   240:14   warning  'math' is not defined                               no-undef
   240:26   warning  'math' is not defined                               no-undef
   240:35   warning  'math' is not defined                               no-undef
   240:43   warning  'math' is not defined                               no-undef
   241:14   warning  'math' is not defined                               no-undef
   241:26   warning  'math' is not defined                               no-undef
   241:35   warning  'math' is not defined                               no-undef
   241:43   warning  'math' is not defined                               no-undef
   242:14   warning  'math' is not defined                               no-undef
   242:29   warning  'math' is not defined                               no-undef
   244:10   warning  'math' is not defined                               no-undef
   244:22   warning  'math' is not defined                               no-undef
   244:43   warning  'math' is not defined                               no-undef
   274:10   warning  'math' is not defined                               no-undef
   274:24   warning  'math' is not defined                               no-undef
   274:33   warning  'math' is not defined                               no-undef
   274:42   warning  'math' is not defined                               no-undef
   274:54   warning  'math' is not defined                               no-undef
   274:73   warning  'math' is not defined                               no-undef
   274:83   warning  'math' is not defined                               no-undef
   274:93   warning  'math' is not defined                               no-undef
   274:110  warning  'math' is not defined                               no-undef
   281:18   warning  'CanvasJS' is not defined                           no-undef
   284:2    warning  Mixed spaces and tabs                               no-mixed-spaces-and-tabs
   285:1    warning  Mixed spaces and tabs                               no-mixed-spaces-and-tabs
   287:1    warning  Mixed spaces and tabs                               no-mixed-spaces-and-tabs
   288:1    warning  Mixed spaces and tabs                               no-mixed-spaces-and-tabs
   290:1    warning  Mixed spaces and tabs                               no-mixed-spaces-and-tabs
   291:1    warning  Mixed spaces and tabs                               no-mixed-spaces-and-tabs
   296:1    warning  Mixed spaces and tabs                               no-mixed-spaces-and-tabs
   307:1    warning  Mixed spaces and tabs                               no-mixed-spaces-and-tabs
   315:1    warning  Mixed spaces and tabs                               no-mixed-spaces-and-tabs
   323:1    warning  Mixed spaces and tabs                               no-mixed-spaces-and-tabs
   333:1    warning  Mixed spaces and tabs                               no-mixed-spaces-and-tabs
   340:1    warning  Mixed spaces and tabs                               no-mixed-spaces-and-tabs
   347:1    warning  Mixed spaces and tabs                               no-mixed-spaces-and-tabs
   409:14   warning  'math' is not defined                               no-undef
   409:32   warning  'math' is not defined                               no-undef
   409:42   warning  'math' is not defined                               no-undef
   409:59   warning  'math' is not defined                               no-undef
   410:11   warning  'math' is not defined                               no-undef
   412:10   warning  'math' is not defined                               no-undef
   412:22   warning  'math' is not defined                               no-undef
   412:36   warning  'math' is not defined                               no-undef
   415:10   warning  'math' is not defined                               no-undef
   415:22   warning  'math' is not defined                               no-undef
   418:10   warning  'math' is not defined                               no-undef
   418:24   warning  'math' is not defined                               no-undef
   425:10   warning  'math' is not defined                               no-undef
   425:26   warning  'math' is not defined                               no-undef
   425:35   warning  'math' is not defined                               no-undef
   429:8    warning  'math' is not defined                               no-undef
   429:24   warning  'math' is not defined                               no-undef
   429:33   warning  'math' is not defined                               no-undef
   430:8    warning  'math' is not defined                               no-undef
   430:24   warning  'math' is not defined                               no-undef
   430:33   warning  'math' is not defined                               no-undef
   440:9    warning  't' is already defined                              no-redeclare
   442:13   warning  'math' is not defined                               no-undef
   442:22   warning  'math' is not defined                               no-undef
   442:30   warning  'math' is not defined                               no-undef
   443:10   warning  'math' is not defined                               no-undef
   443:27   warning  'math' is not defined                               no-undef
   443:43   warning  'math' is not defined                               no-undef
   461:9    warning  't' is already defined                              no-redeclare
   462:10   warning  'math' is not defined                               no-undef
   462:28   warning  'math' is not defined                               no-undef
   462:38   warning  'math' is not defined                               no-undef
   462:55   warning  'math' is not defined                               no-undef
   463:13   warning  'math' is not defined                               no-undef
   464:14   warning  'math' is not defined                               no-undef
   464:23   warning  'math' is not defined                               no-undef
   464:31   warning  'math' is not defined                               no-undef
   465:13   warning  'math' is not defined                               no-undef
   465:23   warning  'math' is not defined                               no-undef
   465:40   warning  'math' is not defined                               no-undef
   467:10   warning  'math' is not defined                               no-undef
   467:27   warning  'math' is not defined                               no-undef
   467:41   warning  'math' is not defined                               no-undef
   467:68   warning  'math' is not defined                               no-undef
   467:77   warning  'math' is not defined                               no-undef
   467:86   warning  'math' is not defined                               no-undef
   472:5    warning  'wd' is already defined                             no-redeclare
   472:10   warning  'math' is not defined                               no-undef
   472:28   warning  'math' is not defined                               no-undef
   472:38   warning  'math' is not defined                               no-undef
   472:55   warning  'math' is not defined                               no-undef
   473:5    warning  'theta' is already defined                          no-redeclare
   473:13   warning  'math' is not defined                               no-undef
   474:5    warning  'rootz' is already defined                          no-redeclare
   474:13   warning  'math' is not defined                               no-undef
   474:23   warning  'math' is not defined                               no-undef
   474:40   warning  'math' is not defined                               no-undef
   476:16   warning  'math' is not defined                               no-undef
   476:25   warning  'math' is not defined                               no-undef
   476:33   warning  'math' is not defined                               no-undef
   477:16   warning  'math' is not defined                               no-undef
   477:25   warning  'math' is not defined                               no-undef
   477:33   warning  'math' is not defined                               no-undef
   478:16   warning  'math' is not defined                               no-undef
   478:25   warning  'math' is not defined                               no-undef
   478:33   warning  'math' is not defined                               no-undef
   480:7    warning  'math' is not defined                               no-undef
   480:24   warning  'math' is not defined                               no-undef
   480:38   warning  'math' is not defined                               no-undef
   480:67   warning  'math' is not defined                               no-undef
   480:76   warning  'math' is not defined                               no-undef
   480:85   warning  'math' is not defined                               no-undef
   481:7    warning  'math' is not defined                               no-undef
   481:24   warning  'math' is not defined                               no-undef
   481:38   warning  'math' is not defined                               no-undef
   481:67   warning  'math' is not defined                               no-undef
   481:76   warning  'math' is not defined                               no-undef
   481:85   warning  'math' is not defined                               no-undef
   482:7    warning  'math' is not defined                               no-undef
   482:24   warning  'math' is not defined                               no-undef
   482:38   warning  'math' is not defined                               no-undef
   482:67   warning  'math' is not defined                               no-undef
   482:76   warning  'math' is not defined                               no-undef
   482:85   warning  'math' is not defined                               no-undef
   495:9    warning  't' is already defined                              no-redeclare
   496:19   warning  'math' is not defined                               no-undef
   496:29   warning  'math' is not defined                               no-undef
   496:43   warning  'math' is not defined                               no-undef
   497:10   warning  'math' is not defined                               no-undef
   497:24   warning  'math' is not defined                               no-undef
   498:10   warning  'math' is not defined                               no-undef
   498:24   warning  'math' is not defined                               no-undef
   499:14   warning  'math' is not defined                               no-undef
   499:26   warning  'math' is not defined                               no-undef
   499:35   warning  'math' is not defined                               no-undef
   499:43   warning  'math' is not defined                               no-undef
   500:14   warning  'math' is not defined                               no-undef
   500:26   warning  'math' is not defined                               no-undef
   500:35   warning  'math' is not defined                               no-undef
   500:43   warning  'math' is not defined                               no-undef
   501:14   warning  'math' is not defined                               no-undef
   501:29   warning  'math' is not defined                               no-undef
   503:10   warning  'math' is not defined                               no-undef
   503:22   warning  'math' is not defined                               no-undef
   503:43   warning  'math' is not defined                               no-undef
   588:18   warning  'CanvasJS' is not defined                           no-undef
   591:2    warning  Mixed spaces and tabs                               no-mixed-spaces-and-tabs
   592:1    warning  Mixed spaces and tabs                               no-mixed-spaces-and-tabs
   594:1    warning  Mixed spaces and tabs                               no-mixed-spaces-and-tabs
   595:1    warning  Mixed spaces and tabs                               no-mixed-spaces-and-tabs
   597:1    warning  Mixed spaces and tabs                               no-mixed-spaces-and-tabs
   598:1    warning  Mixed spaces and tabs                               no-mixed-spaces-and-tabs
   603:1    warning  Mixed spaces and tabs                               no-mixed-spaces-and-tabs
   614:1    warning  Mixed spaces and tabs                               no-mixed-spaces-and-tabs
   622:1    warning  Mixed spaces and tabs                               no-mixed-spaces-and-tabs
   630:1    warning  Mixed spaces and tabs                               no-mixed-spaces-and-tabs
   642:1    warning  Mixed spaces and tabs                               no-mixed-spaces-and-tabs
   649:1    warning  Mixed spaces and tabs                               no-mixed-spaces-and-tabs
   656:1    warning  Mixed spaces and tabs                               no-mixed-spaces-and-tabs
   676:6    warning  'chart' is already defined                          no-redeclare
   676:18   warning  'CanvasJS' is not defined                           no-undef
   679:2    warning  Mixed spaces and tabs                               no-mixed-spaces-and-tabs
   680:1    warning  Mixed spaces and tabs                               no-mixed-spaces-and-tabs
   682:1    warning  Mixed spaces and tabs                               no-mixed-spaces-and-tabs
   683:1    warning  Mixed spaces and tabs                               no-mixed-spaces-and-tabs
   685:1    warning  Mixed spaces and tabs                               no-mixed-spaces-and-tabs
   686:1    warning  Mixed spaces and tabs                               no-mixed-spaces-and-tabs
   691:1    warning  Mixed spaces and tabs                               no-mixed-spaces-and-tabs
   702:1    warning  Mixed spaces and tabs                               no-mixed-spaces-and-tabs
   710:1    warning  Mixed spaces and tabs                               no-mixed-spaces-and-tabs
   718:1    warning  Mixed spaces and tabs                               no-mixed-spaces-and-tabs
   726:1    warning  Mixed spaces and tabs                               no-mixed-spaces-and-tabs
   734:1    warning  Mixed spaces and tabs                               no-mixed-spaces-and-tabs
   742:1    warning  Mixed spaces and tabs                               no-mixed-spaces-and-tabs
   750:1    warning  Mixed spaces and tabs                               no-mixed-spaces-and-tabs
   762:1    warning  Mixed spaces and tabs                               no-mixed-spaces-and-tabs
   769:1    warning  Mixed spaces and tabs                               no-mixed-spaces-and-tabs
   776:1    warning  Mixed spaces and tabs                               no-mixed-spaces-and-tabs
   783:1    warning  Mixed spaces and tabs                               no-mixed-spaces-and-tabs
   790:1    warning  Mixed spaces and tabs                               no-mixed-spaces-and-tabs
   797:1    warning  Mixed spaces and tabs                               no-mixed-spaces-and-tabs
   804:1    warning  Mixed spaces and tabs                               no-mixed-spaces-and-tabs
   824:6    warning  'chart' is already defined                          no-redeclare
   824:18   warning  'CanvasJS' is not defined                           no-undef
   827:2    warning  Mixed spaces and tabs                               no-mixed-spaces-and-tabs
   828:1    warning  Mixed spaces and tabs                               no-mixed-spaces-and-tabs
   830:1    warning  Mixed spaces and tabs                               no-mixed-spaces-and-tabs
   831:1    warning  Mixed spaces and tabs                               no-mixed-spaces-and-tabs
   833:1    warning  Mixed spaces and tabs                               no-mixed-spaces-and-tabs
   834:1    warning  Mixed spaces and tabs                               no-mixed-spaces-and-tabs
   839:1    warning  Mixed spaces and tabs                               no-mixed-spaces-and-tabs
   850:1    warning  Mixed spaces and tabs                               no-mixed-spaces-and-tabs
   858:1    warning  Mixed spaces and tabs                               no-mixed-spaces-and-tabs
   866:1    warning  Mixed spaces and tabs                               no-mixed-spaces-and-tabs
   874:1    warning  Mixed spaces and tabs                               no-mixed-spaces-and-tabs
   882:1    warning  Mixed spaces and tabs                               no-mixed-spaces-and-tabs
   890:1    warning  Mixed spaces and tabs                               no-mixed-spaces-and-tabs
   898:1    warning  Mixed spaces and tabs                               no-mixed-spaces-and-tabs
   906:1    warning  Mixed spaces and tabs                               no-mixed-spaces-and-tabs
   914:1    warning  Mixed spaces and tabs                               no-mixed-spaces-and-tabs
   922:1    warning  Mixed spaces and tabs                               no-mixed-spaces-and-tabs
   930:1    warning  Mixed spaces and tabs                               no-mixed-spaces-and-tabs
   942:1    warning  Mixed spaces and tabs                               no-mixed-spaces-and-tabs
   949:1    warning  Mixed spaces and tabs                               no-mixed-spaces-and-tabs
   956:1    warning  Mixed spaces and tabs                               no-mixed-spaces-and-tabs
   963:1    warning  Mixed spaces and tabs                               no-mixed-spaces-and-tabs
   970:1    warning  Mixed spaces and tabs                               no-mixed-spaces-and-tabs
   977:1    warning  Mixed spaces and tabs                               no-mixed-spaces-and-tabs
   984:1    warning  Mixed spaces and tabs                               no-mixed-spaces-and-tabs
   991:1    warning  Mixed spaces and tabs                               no-mixed-spaces-and-tabs
   998:1    warning  Mixed spaces and tabs                               no-mixed-spaces-and-tabs
  1005:1    warning  Mixed spaces and tabs                               no-mixed-spaces-and-tabs
  1012:1    warning  Mixed spaces and tabs                               no-mixed-spaces-and-tabs
  1032:6    warning  'chart' is already defined                          no-redeclare
  1032:18   warning  'CanvasJS' is not defined                           no-undef
  1035:2    warning  Mixed spaces and tabs                               no-mixed-spaces-and-tabs
  1036:1    warning  Mixed spaces and tabs                               no-mixed-spaces-and-tabs
  1038:1    warning  Mixed spaces and tabs                               no-mixed-spaces-and-tabs
  1039:1    warning  Mixed spaces and tabs                               no-mixed-spaces-and-tabs
  1041:1    warning  Mixed spaces and tabs                               no-mixed-spaces-and-tabs
  1042:1    warning  Mixed spaces and tabs                               no-mixed-spaces-and-tabs
  1047:1    warning  Mixed spaces and tabs                               no-mixed-spaces-and-tabs
  1058:1    warning  Mixed spaces and tabs                               no-mixed-spaces-and-tabs
  1066:1    warning  Mixed spaces and tabs                               no-mixed-spaces-and-tabs
  1074:1    warning  Mixed spaces and tabs                               no-mixed-spaces-and-tabs
  1082:1    warning  Mixed spaces and tabs                               no-mixed-spaces-and-tabs
  1090:1    warning  Mixed spaces and tabs                               no-mixed-spaces-and-tabs
  1098:1    warning  Mixed spaces and tabs                               no-mixed-spaces-and-tabs
  1106:1    warning  Mixed spaces and tabs                               no-mixed-spaces-and-tabs
  1114:1    warning  Mixed spaces and tabs                               no-mixed-spaces-and-tabs
  1122:1    warning  Mixed spaces and tabs                               no-mixed-spaces-and-tabs
  1130:1    warning  Mixed spaces and tabs                               no-mixed-spaces-and-tabs
  1138:1    warning  Mixed spaces and tabs                               no-mixed-spaces-and-tabs
  1146:1    warning  Mixed spaces and tabs                               no-mixed-spaces-and-tabs
  1154:1    warning  Mixed spaces and tabs                               no-mixed-spaces-and-tabs
  1162:1    warning  Mixed spaces and tabs                               no-mixed-spaces-and-tabs
  1170:1    warning  Mixed spaces and tabs                               no-mixed-spaces-and-tabs
  1182:1    warning  Mixed spaces and tabs                               no-mixed-spaces-and-tabs
  1189:1    warning  Mixed spaces and tabs                               no-mixed-spaces-and-tabs
  1196:1    warning  Mixed spaces and tabs                               no-mixed-spaces-and-tabs
  1203:1    warning  Mixed spaces and tabs                               no-mixed-spaces-and-tabs
  1210:1    warning  Mixed spaces and tabs                               no-mixed-spaces-and-tabs
  1217:1    warning  Mixed spaces and tabs                               no-mixed-spaces-and-tabs
  1224:1    warning  Mixed spaces and tabs                               no-mixed-spaces-and-tabs
  1231:1    warning  Mixed spaces and tabs                               no-mixed-spaces-and-tabs
  1238:1    warning  Mixed spaces and tabs                               no-mixed-spaces-and-tabs
  1245:1    warning  Mixed spaces and tabs                               no-mixed-spaces-and-tabs
  1252:1    warning  Mixed spaces and tabs                               no-mixed-spaces-and-tabs
  1259:1    warning  Mixed spaces and tabs                               no-mixed-spaces-and-tabs
  1266:1    warning  Mixed spaces and tabs                               no-mixed-spaces-and-tabs
  1273:1    warning  Mixed spaces and tabs                               no-mixed-spaces-and-tabs
  1280:1    warning  Mixed spaces and tabs                               no-mixed-spaces-and-tabs
  1300:6    warning  'chart' is already defined                          no-redeclare
  1300:18   warning  'CanvasJS' is not defined                           no-undef
  1303:2    warning  Mixed spaces and tabs                               no-mixed-spaces-and-tabs
  1304:1    warning  Mixed spaces and tabs                               no-mixed-spaces-and-tabs
  1306:1    warning  Mixed spaces and tabs                               no-mixed-spaces-and-tabs
  1307:1    warning  Mixed spaces and tabs                               no-mixed-spaces-and-tabs
  1309:1    warning  Mixed spaces and tabs                               no-mixed-spaces-and-tabs
  1310:1    warning  Mixed spaces and tabs                               no-mixed-spaces-and-tabs
  1315:1    warning  Mixed spaces and tabs                               no-mixed-spaces-and-tabs
  1326:1    warning  Mixed spaces and tabs                               no-mixed-spaces-and-tabs
  1334:1    warning  Mixed spaces and tabs                               no-mixed-spaces-and-tabs
  1342:1    warning  Mixed spaces and tabs                               no-mixed-spaces-and-tabs
  1350:1    warning  Mixed spaces and tabs                               no-mixed-spaces-and-tabs
  1358:1    warning  Mixed spaces and tabs                               no-mixed-spaces-and-tabs
  1366:1    warning  Mixed spaces and tabs                               no-mixed-spaces-and-tabs
  1374:1    warning  Mixed spaces and tabs                               no-mixed-spaces-and-tabs
  1382:1    warning  Mixed spaces and tabs                               no-mixed-spaces-and-tabs
  1390:1    warning  Mixed spaces and tabs                               no-mixed-spaces-and-tabs
  1398:1    warning  Mixed spaces and tabs                               no-mixed-spaces-and-tabs
  1406:1    warning  Mixed spaces and tabs                               no-mixed-spaces-and-tabs
  1414:1    warning  Mixed spaces and tabs                               no-mixed-spaces-and-tabs
  1422:1    warning  Mixed spaces and tabs                               no-mixed-spaces-and-tabs
  1430:1    warning  Mixed spaces and tabs                               no-mixed-spaces-and-tabs
  1438:1    warning  Mixed spaces and tabs                               no-mixed-spaces-and-tabs
  1446:1    warning  Mixed spaces and tabs                               no-mixed-spaces-and-tabs
  1454:1    warning  Mixed spaces and tabs                               no-mixed-spaces-and-tabs
  1462:1    warning  Mixed spaces and tabs                               no-mixed-spaces-and-tabs
  1470:1    warning  Mixed spaces and tabs                               no-mixed-spaces-and-tabs
  1482:1    warning  Mixed spaces and tabs                               no-mixed-spaces-and-tabs
  1489:1    warning  Mixed spaces and tabs                               no-mixed-spaces-and-tabs
  1496:1    warning  Mixed spaces and tabs                               no-mixed-spaces-and-tabs
  1503:1    warning  Mixed spaces and tabs                               no-mixed-spaces-and-tabs
  1510:1    warning  Mixed spaces and tabs                               no-mixed-spaces-and-tabs
  1517:1    warning  Mixed spaces and tabs                               no-mixed-spaces-and-tabs
  1524:1    warning  Mixed spaces and tabs                               no-mixed-spaces-and-tabs
  1531:1    warning  Mixed spaces and tabs                               no-mixed-spaces-and-tabs
  1538:1    warning  Mixed spaces and tabs                               no-mixed-spaces-and-tabs
  1545:1    warning  Mixed spaces and tabs                               no-mixed-spaces-and-tabs
  1552:1    warning  Mixed spaces and tabs                               no-mixed-spaces-and-tabs
  1559:1    warning  Mixed spaces and tabs                               no-mixed-spaces-and-tabs
  1566:1    warning  Mixed spaces and tabs                               no-mixed-spaces-and-tabs
  1573:1    warning  Mixed spaces and tabs                               no-mixed-spaces-and-tabs
  1580:1    warning  Mixed spaces and tabs                               no-mixed-spaces-and-tabs
  1587:1    warning  Mixed spaces and tabs                               no-mixed-spaces-and-tabs
  1594:1    warning  Mixed spaces and tabs                               no-mixed-spaces-and-tabs
  1601:1    warning  Mixed spaces and tabs                               no-mixed-spaces-and-tabs
  1608:1    warning  Mixed spaces and tabs                               no-mixed-spaces-and-tabs
  1628:6    warning  'chart' is already defined                          no-redeclare
  1628:18   warning  'CanvasJS' is not defined                           no-undef
  1631:2    warning  Mixed spaces and tabs                               no-mixed-spaces-and-tabs
  1632:1    warning  Mixed spaces and tabs                               no-mixed-spaces-and-tabs
  1634:1    warning  Mixed spaces and tabs                               no-mixed-spaces-and-tabs
  1635:1    warning  Mixed spaces and tabs                               no-mixed-spaces-and-tabs
  1637:1    warning  Mixed spaces and tabs                               no-mixed-spaces-and-tabs
  1638:1    warning  Mixed spaces and tabs                               no-mixed-spaces-and-tabs
  1643:1    warning  Mixed spaces and tabs                               no-mixed-spaces-and-tabs
  1654:1    warning  Mixed spaces and tabs                               no-mixed-spaces-and-tabs
  1662:1    warning  Mixed spaces and tabs                               no-mixed-spaces-and-tabs
  1670:1    warning  Mixed spaces and tabs                               no-mixed-spaces-and-tabs
  1678:1    warning  Mixed spaces and tabs                               no-mixed-spaces-and-tabs
  1686:1    warning  Mixed spaces and tabs                               no-mixed-spaces-and-tabs
  1694:1    warning  Mixed spaces and tabs                               no-mixed-spaces-and-tabs
  1702:1    warning  Mixed spaces and tabs                               no-mixed-spaces-and-tabs
  1710:1    warning  Mixed spaces and tabs                               no-mixed-spaces-and-tabs
  1718:1    warning  Mixed spaces and tabs                               no-mixed-spaces-and-tabs
  1726:1    warning  Mixed spaces and tabs                               no-mixed-spaces-and-tabs
  1734:1    warning  Mixed spaces and tabs                               no-mixed-spaces-and-tabs
  1742:1    warning  Mixed spaces and tabs                               no-mixed-spaces-and-tabs
  1750:1    warning  Mixed spaces and tabs                               no-mixed-spaces-and-tabs
  1758:1    warning  Mixed spaces and tabs                               no-mixed-spaces-and-tabs
  1766:1    warning  Mixed spaces and tabs                               no-mixed-spaces-and-tabs
  1774:1    warning  Mixed spaces and tabs                               no-mixed-spaces-and-tabs
  1782:1    warning  Mixed spaces and tabs                               no-mixed-spaces-and-tabs
  1790:1    warning  Mixed spaces and tabs                               no-mixed-spaces-and-tabs
  1798:1    warning  Mixed spaces and tabs                               no-mixed-spaces-and-tabs
  1806:1    warning  Mixed spaces and tabs                               no-mixed-spaces-and-tabs
  1814:1    warning  Mixed spaces and tabs                               no-mixed-spaces-and-tabs
  1822:1    warning  Mixed spaces and tabs                               no-mixed-spaces-and-tabs
  1830:1    warning  Mixed spaces and tabs                               no-mixed-spaces-and-tabs
  1842:1    warning  Mixed spaces and tabs                               no-mixed-spaces-and-tabs
  1849:1    warning  Mixed spaces and tabs                               no-mixed-spaces-and-tabs
  1856:1    warning  Mixed spaces and tabs                               no-mixed-spaces-and-tabs
  1863:1    warning  Mixed spaces and tabs                               no-mixed-spaces-and-tabs
  1870:1    warning  Mixed spaces and tabs                               no-mixed-spaces-and-tabs
  1877:1    warning  Mixed spaces and tabs                               no-mixed-spaces-and-tabs
  1884:1    warning  Mixed spaces and tabs                               no-mixed-spaces-and-tabs
  1891:1    warning  Mixed spaces and tabs                               no-mixed-spaces-and-tabs
  1898:1    warning  Mixed spaces and tabs                               no-mixed-spaces-and-tabs
  1905:1    warning  Mixed spaces and tabs                               no-mixed-spaces-and-tabs
  1912:1    warning  Mixed spaces and tabs                               no-mixed-spaces-and-tabs
  1919:1    warning  Mixed spaces and tabs                               no-mixed-spaces-and-tabs
  1926:1    warning  Mixed spaces and tabs                               no-mixed-spaces-and-tabs
  1933:1    warning  Mixed spaces and tabs                               no-mixed-spaces-and-tabs
  1940:1    warning  Mixed spaces and tabs                               no-mixed-spaces-and-tabs
  1947:1    warning  Mixed spaces and tabs                               no-mixed-spaces-and-tabs
  1954:1    warning  Mixed spaces and tabs                               no-mixed-spaces-and-tabs
  1961:1    warning  Mixed spaces and tabs                               no-mixed-spaces-and-tabs
  1968:1    warning  Mixed spaces and tabs                               no-mixed-spaces-and-tabs
  1975:1    warning  Mixed spaces and tabs                               no-mixed-spaces-and-tabs
  1976:1    warning  Mixed spaces and tabs                               no-mixed-spaces-and-tabs
  1983:1    warning  Mixed spaces and tabs                               no-mixed-spaces-and-tabs
  1990:1    warning  Mixed spaces and tabs                               no-mixed-spaces-and-tabs
  1997:1    warning  Mixed spaces and tabs                               no-mixed-spaces-and-tabs
  2029:10   warning  'math' is not defined                               no-undef
  2029:27   warning  'math' is not defined                               no-undef
  2029:36   warning  'math' is not defined                               no-undef
  2038:9    warning  't' is already defined                              no-redeclare
  2040:13   warning  'math' is not defined                               no-undef
  2040:22   warning  'math' is not defined                               no-undef
  2040:30   warning  'math' is not defined                               no-undef
  2041:10   warning  'math' is not defined                               no-undef
  2041:24   warning  'math' is not defined                               no-undef
  2049:9    warning  't' is already defined                              no-redeclare
  2050:10   warning  'math' is not defined                               no-undef
  2050:28   warning  'math' is not defined                               no-undef
  2050:38   warning  'math' is not defined                               no-undef
  2050:55   warning  'math' is not defined                               no-undef
  2051:5    warning  'theta' is assigned a value but never used          no-unused-vars
  2051:13   warning  'math' is not defined                               no-undef
  2052:14   warning  'math' is not defined                               no-undef
  2052:23   warning  'math' is not defined                               no-undef
  2052:31   warning  'math' is not defined                               no-undef
  2053:13   warning  'math' is not defined                               no-undef
  2053:23   warning  'math' is not defined                               no-undef
  2053:40   warning  'math' is not defined                               no-undef
  2055:10   warning  'math' is not defined                               no-undef
  2055:24   warning  'math' is not defined                               no-undef
  2055:51   warning  'math' is not defined                               no-undef
  2055:60   warning  'math' is not defined                               no-undef
  2063:9    warning  't' is already defined                              no-redeclare
  2064:19   warning  'math' is not defined                               no-undef
  2064:29   warning  'math' is not defined                               no-undef
  2064:43   warning  'math' is not defined                               no-undef
  2065:10   warning  'math' is not defined                               no-undef
  2065:24   warning  'math' is not defined                               no-undef
  2066:10   warning  'math' is not defined                               no-undef
  2066:24   warning  'math' is not defined                               no-undef
  2067:15   warning  'math' is not defined                               no-undef
  2067:24   warning  'math' is not defined                               no-undef
  2067:32   warning  'math' is not defined                               no-undef
  2068:15   warning  'math' is not defined                               no-undef
  2068:24   warning  'math' is not defined                               no-undef
  2068:32   warning  'math' is not defined                               no-undef
  2069:14   warning  'math' is not defined                               no-undef
  2069:29   warning  'math' is not defined                               no-undef
  2071:10   warning  'math' is not defined                               no-undef
  2071:31   warning  'math' is not defined                               no-undef
  2084:18   warning  'CanvasJS' is not defined                           no-undef
  2087:2    warning  Mixed spaces and tabs                               no-mixed-spaces-and-tabs
  2088:1    warning  Mixed spaces and tabs                               no-mixed-spaces-and-tabs
  2090:1    warning  Mixed spaces and tabs                               no-mixed-spaces-and-tabs
  2091:1    warning  Mixed spaces and tabs                               no-mixed-spaces-and-tabs
  2093:1    warning  Mixed spaces and tabs                               no-mixed-spaces-and-tabs
  2094:1    warning  Mixed spaces and tabs                               no-mixed-spaces-and-tabs
  2099:1    warning  Mixed spaces and tabs                               no-mixed-spaces-and-tabs
  2161:10   warning  'math' is not defined                               no-undef
  2161:27   warning  'math' is not defined                               no-undef
  2161:36   warning  'math' is not defined                               no-undef
  2170:9    warning  't' is already defined                              no-redeclare
  2172:13   warning  'math' is not defined                               no-undef
  2172:22   warning  'math' is not defined                               no-undef
  2172:30   warning  'math' is not defined                               no-undef
  2173:10   warning  'math' is not defined                               no-undef
  2173:24   warning  'math' is not defined                               no-undef
  2181:9    warning  't' is already defined                              no-redeclare
  2182:10   warning  'math' is not defined                               no-undef
  2182:28   warning  'math' is not defined                               no-undef
  2182:38   warning  'math' is not defined                               no-undef
  2182:55   warning  'math' is not defined                               no-undef
  2183:5    warning  'theta' is assigned a value but never used          no-unused-vars
  2183:13   warning  'math' is not defined                               no-undef
  2184:14   warning  'math' is not defined                               no-undef
  2184:23   warning  'math' is not defined                               no-undef
  2184:31   warning  'math' is not defined                               no-undef
  2185:13   warning  'math' is not defined                               no-undef
  2185:23   warning  'math' is not defined                               no-undef
  2185:40   warning  'math' is not defined                               no-undef
  2187:10   warning  'math' is not defined                               no-undef
  2187:24   warning  'math' is not defined                               no-undef
  2187:51   warning  'math' is not defined                               no-undef
  2187:60   warning  'math' is not defined                               no-undef
  2195:9    warning  't' is already defined                              no-redeclare
  2196:19   warning  'math' is not defined                               no-undef
  2196:29   warning  'math' is not defined                               no-undef
  2196:43   warning  'math' is not defined                               no-undef
  2197:10   warning  'math' is not defined                               no-undef
  2197:24   warning  'math' is not defined                               no-undef
  2198:10   warning  'math' is not defined                               no-undef
  2198:24   warning  'math' is not defined                               no-undef
  2199:15   warning  'math' is not defined                               no-undef
  2199:24   warning  'math' is not defined                               no-undef
  2199:32   warning  'math' is not defined                               no-undef
  2200:15   warning  'math' is not defined                               no-undef
  2200:24   warning  'math' is not defined                               no-undef
  2200:32   warning  'math' is not defined                               no-undef
  2201:14   warning  'math' is not defined                               no-undef
  2201:29   warning  'math' is not defined                               no-undef
  2203:10   warning  'math' is not defined                               no-undef
  2203:31   warning  'math' is not defined                               no-undef
  2245:18   warning  'CanvasJS' is not defined                           no-undef
  2248:2    warning  Mixed spaces and tabs                               no-mixed-spaces-and-tabs
  2249:1    warning  Mixed spaces and tabs                               no-mixed-spaces-and-tabs
  2251:1    warning  Mixed spaces and tabs                               no-mixed-spaces-and-tabs
  2252:1    warning  Mixed spaces and tabs                               no-mixed-spaces-and-tabs
  2254:1    warning  Mixed spaces and tabs                               no-mixed-spaces-and-tabs
  2255:1    warning  Mixed spaces and tabs                               no-mixed-spaces-and-tabs
  2260:1    warning  Mixed spaces and tabs                               no-mixed-spaces-and-tabs
  2287:6    warning  'chart' is already defined                          no-redeclare
  2287:18   warning  'CanvasJS' is not defined                           no-undef
  2290:2    warning  Mixed spaces and tabs                               no-mixed-spaces-and-tabs
  2291:1    warning  Mixed spaces and tabs                               no-mixed-spaces-and-tabs
  2293:1    warning  Mixed spaces and tabs                               no-mixed-spaces-and-tabs
  2294:1    warning  Mixed spaces and tabs                               no-mixed-spaces-and-tabs
  2296:1    warning  Mixed spaces and tabs                               no-mixed-spaces-and-tabs
  2297:1    warning  Mixed spaces and tabs                               no-mixed-spaces-and-tabs
  2302:1    warning  Mixed spaces and tabs                               no-mixed-spaces-and-tabs
  2314:1    warning  Mixed spaces and tabs                               no-mixed-spaces-and-tabs
  2326:1    warning  Mixed spaces and tabs                               no-mixed-spaces-and-tabs
  2345:6    warning  'chart' is already defined                          no-redeclare
  2345:18   warning  'CanvasJS' is not defined                           no-undef
  2348:2    warning  Mixed spaces and tabs                               no-mixed-spaces-and-tabs
  2349:1    warning  Mixed spaces and tabs                               no-mixed-spaces-and-tabs
  2351:1    warning  Mixed spaces and tabs                               no-mixed-spaces-and-tabs
  2352:1    warning  Mixed spaces and tabs                               no-mixed-spaces-and-tabs
  2354:1    warning  Mixed spaces and tabs                               no-mixed-spaces-and-tabs
  2355:1    warning  Mixed spaces and tabs                               no-mixed-spaces-and-tabs
  2360:1    warning  Mixed spaces and tabs                               no-mixed-spaces-and-tabs
  2372:1    warning  Mixed spaces and tabs                               no-mixed-spaces-and-tabs
  2380:1    warning  Mixed spaces and tabs                               no-mixed-spaces-and-tabs
  2393:1    warning  Mixed spaces and tabs                               no-mixed-spaces-and-tabs
  2401:1    warning  Mixed spaces and tabs                               no-mixed-spaces-and-tabs
  2420:6    warning  'chart' is already defined                          no-redeclare
  2420:18   warning  'CanvasJS' is not defined                           no-undef
  2423:2    warning  Mixed spaces and tabs                               no-mixed-spaces-and-tabs
  2424:1    warning  Mixed spaces and tabs                               no-mixed-spaces-and-tabs
  2426:1    warning  Mixed spaces and tabs                               no-mixed-spaces-and-tabs
  2427:1    warning  Mixed spaces and tabs                               no-mixed-spaces-and-tabs
  2429:1    warning  Mixed spaces and tabs                               no-mixed-spaces-and-tabs
  2430:1    warning  Mixed spaces and tabs                               no-mixed-spaces-and-tabs
  2435:1    warning  Mixed spaces and tabs                               no-mixed-spaces-and-tabs
  2447:1    warning  Mixed spaces and tabs                               no-mixed-spaces-and-tabs
  2455:1    warning  Mixed spaces and tabs                               no-mixed-spaces-and-tabs
  2463:1    warning  Mixed spaces and tabs                               no-mixed-spaces-and-tabs
  2476:1    warning  Mixed spaces and tabs                               no-mixed-spaces-and-tabs
  2484:1    warning  Mixed spaces and tabs                               no-mixed-spaces-and-tabs
  2492:1    warning  Mixed spaces and tabs                               no-mixed-spaces-and-tabs
  2511:6    warning  'chart' is already defined                          no-redeclare
  2511:18   warning  'CanvasJS' is not defined                           no-undef
  2514:2    warning  Mixed spaces and tabs                               no-mixed-spaces-and-tabs
  2515:1    warning  Mixed spaces and tabs                               no-mixed-spaces-and-tabs
  2517:1    warning  Mixed spaces and tabs                               no-mixed-spaces-and-tabs
  2518:1    warning  Mixed spaces and tabs                               no-mixed-spaces-and-tabs
  2520:1    warning  Mixed spaces and tabs                               no-mixed-spaces-and-tabs
  2521:1    warning  Mixed spaces and tabs                               no-mixed-spaces-and-tabs
  2526:1    warning  Mixed spaces and tabs                               no-mixed-spaces-and-tabs
  2538:1    warning  Mixed spaces and tabs                               no-mixed-spaces-and-tabs
  2546:1    warning  Mixed spaces and tabs                               no-mixed-spaces-and-tabs
  2554:1    warning  Mixed spaces and tabs                               no-mixed-spaces-and-tabs
  2562:1    warning  Mixed spaces and tabs                               no-mixed-spaces-and-tabs
  2575:1    warning  Mixed spaces and tabs                               no-mixed-spaces-and-tabs
  2583:1    warning  Mixed spaces and tabs                               no-mixed-spaces-and-tabs
  2591:1    warning  Mixed spaces and tabs                               no-mixed-spaces-and-tabs
  2599:1    warning  Mixed spaces and tabs                               no-mixed-spaces-and-tabs
  2618:6    warning  'chart' is already defined                          no-redeclare
  2618:18   warning  'CanvasJS' is not defined                           no-undef
  2621:2    warning  Mixed spaces and tabs                               no-mixed-spaces-and-tabs
  2622:1    warning  Mixed spaces and tabs                               no-mixed-spaces-and-tabs
  2624:1    warning  Mixed spaces and tabs                               no-mixed-spaces-and-tabs
  2625:1    warning  Mixed spaces and tabs                               no-mixed-spaces-and-tabs
  2627:1    warning  Mixed spaces and tabs                               no-mixed-spaces-and-tabs
  2628:1    warning  Mixed spaces and tabs                               no-mixed-spaces-and-tabs
  2633:1    warning  Mixed spaces and tabs                               no-mixed-spaces-and-tabs
  2645:1    warning  Mixed spaces and tabs                               no-mixed-spaces-and-tabs
  2653:1    warning  Mixed spaces and tabs                               no-mixed-spaces-and-tabs
  2661:1    warning  Mixed spaces and tabs                               no-mixed-spaces-and-tabs
  2669:1    warning  Mixed spaces and tabs                               no-mixed-spaces-and-tabs
  2677:1    warning  Mixed spaces and tabs                               no-mixed-spaces-and-tabs
  2690:1    warning  Mixed spaces and tabs                               no-mixed-spaces-and-tabs
  2698:1    warning  Mixed spaces and tabs                               no-mixed-spaces-and-tabs
  2706:1    warning  Mixed spaces and tabs                               no-mixed-spaces-and-tabs
  2714:1    warning  Mixed spaces and tabs                               no-mixed-spaces-and-tabs
  2722:1    warning  Mixed spaces and tabs                               no-mixed-spaces-and-tabs
  2753:16   warning  'math' is not defined                               no-undef
  2753:28   warning  'math' is not defined                               no-undef
  2758:13   warning  'math' is not defined                               no-undef
  2776:18   warning  'CanvasJS' is not defined                           no-undef
  2782:1    warning  Mixed spaces and tabs                               no-mixed-spaces-and-tabs
  2784:1    warning  Mixed spaces and tabs                               no-mixed-spaces-and-tabs
  2785:1    warning  Mixed spaces and tabs                               no-mixed-spaces-and-tabs
  2787:1    warning  Mixed spaces and tabs                               no-mixed-spaces-and-tabs
  2788:1    warning  Mixed spaces and tabs                               no-mixed-spaces-and-tabs
  2795:1    warning  Mixed spaces and tabs                               no-mixed-spaces-and-tabs
  2807:1    warning  Mixed spaces and tabs                               no-mixed-spaces-and-tabs
  2815:1    warning  Mixed spaces and tabs                               no-mixed-spaces-and-tabs
  2823:1    warning  Mixed spaces and tabs                               no-mixed-spaces-and-tabs
  2831:1    warning  Mixed spaces and tabs                               no-mixed-spaces-and-tabs
  2839:1    warning  Mixed spaces and tabs                               no-mixed-spaces-and-tabs
  2847:1    warning  Mixed spaces and tabs                               no-mixed-spaces-and-tabs
  2855:1    warning  Mixed spaces and tabs                               no-mixed-spaces-and-tabs
  2863:1    warning  Mixed spaces and tabs                               no-mixed-spaces-and-tabs
  2869:1    warning  Mixed spaces and tabs                               no-mixed-spaces-and-tabs
  2880:1    warning  Mixed spaces and tabs                               no-mixed-spaces-and-tabs
  2894:1    warning  Mixed spaces and tabs                               no-mixed-spaces-and-tabs
  2909:1    warning  Mixed spaces and tabs                               no-mixed-spaces-and-tabs
  2920:1    warning  Mixed spaces and tabs                               no-mixed-spaces-and-tabs
  2945:1    warning  Mixed spaces and tabs                               no-mixed-spaces-and-tabs
  2969:1    warning  Mixed spaces and tabs                               no-mixed-spaces-and-tabs
  2993:1    warning  Mixed spaces and tabs                               no-mixed-spaces-and-tabs
  3010:1    warning  Mixed spaces and tabs                               no-mixed-spaces-and-tabs
  3036:16   warning  'math' is not defined                               no-undef
  3036:28   warning  'math' is not defined                               no-undef
  3041:13   warning  'math' is not defined                               no-undef
  3059:18   warning  'CanvasJS' is not defined                           no-undef
  3065:1    warning  Mixed spaces and tabs                               no-mixed-spaces-and-tabs
  3067:1    warning  Mixed spaces and tabs                               no-mixed-spaces-and-tabs
  3068:1    warning  Mixed spaces and tabs                               no-mixed-spaces-and-tabs
  3070:1    warning  Mixed spaces and tabs                               no-mixed-spaces-and-tabs
  3071:1    warning  Mixed spaces and tabs                               no-mixed-spaces-and-tabs
  3078:1    warning  Mixed spaces and tabs                               no-mixed-spaces-and-tabs
  3090:1    warning  Mixed spaces and tabs                               no-mixed-spaces-and-tabs
  3098:1    warning  Mixed spaces and tabs                               no-mixed-spaces-and-tabs
  3106:1    warning  Mixed spaces and tabs                               no-mixed-spaces-and-tabs
  3114:1    warning  Mixed spaces and tabs                               no-mixed-spaces-and-tabs
  3122:1    warning  Mixed spaces and tabs                               no-mixed-spaces-and-tabs
  3130:1    warning  Mixed spaces and tabs                               no-mixed-spaces-and-tabs
  3138:1    warning  Mixed spaces and tabs                               no-mixed-spaces-and-tabs
  3146:1    warning  Mixed spaces and tabs                               no-mixed-spaces-and-tabs
  3152:1    warning  Mixed spaces and tabs                               no-mixed-spaces-and-tabs
  3163:1    warning  Mixed spaces and tabs                               no-mixed-spaces-and-tabs
  3177:1    warning  Mixed spaces and tabs                               no-mixed-spaces-and-tabs
  3192:1    warning  Mixed spaces and tabs                               no-mixed-spaces-and-tabs
  3203:1    warning  Mixed spaces and tabs                               no-mixed-spaces-and-tabs
  3228:1    warning  Mixed spaces and tabs                               no-mixed-spaces-and-tabs
  3251:1    warning  Mixed spaces and tabs                               no-mixed-spaces-and-tabs
  3274:1    warning  Mixed spaces and tabs                               no-mixed-spaces-and-tabs
  3291:1    warning  Mixed spaces and tabs                               no-mixed-spaces-and-tabs
  3307:10   warning  'rootloci' is defined but never used                no-unused-vars
  3322:13   warning  'math' is not defined                               no-undef
  3332:15   warning  'math' is not defined                               no-undef
  3332:32   warning  'math' is not defined                               no-undef
  3332:46   warning  'math' is not defined                               no-undef
  3332:73   warning  'math' is not defined                               no-undef
  3333:15   warning  'math' is not defined                               no-undef
  3333:32   warning  'math' is not defined                               no-undef
  3333:46   warning  'math' is not defined                               no-undef
  3333:73   warning  'math' is not defined                               no-undef
  3334:15   warning  'math' is not defined                               no-undef
  3334:32   warning  'math' is not defined                               no-undef
  3334:46   warning  'math' is not defined                               no-undef
  3334:73   warning  'math' is not defined                               no-undef
  3337:13   warning  'math' is not defined                               no-undef
  3337:34   warning  'math' is not defined                               no-undef
  3337:43   warning  'math' is not defined                               no-undef
  3337:50   warning  'math' is not defined                               no-undef
  3338:13   warning  'math' is not defined                               no-undef
  3338:34   warning  'math' is not defined                               no-undef
  3338:43   warning  'math' is not defined                               no-undef
  3338:50   warning  'math' is not defined                               no-undef
  3339:13   warning  'math' is not defined                               no-undef
  3339:34   warning  'math' is not defined                               no-undef
  3339:43   warning  'math' is not defined                               no-undef
  3339:50   warning  'math' is not defined                               no-undef
  3341:15   warning  'math' is not defined                               no-undef
  3341:31   warning  'math' is not defined                               no-undef
  3353:18   warning  'CanvasJS' is not defined                           no-undef
  3356:2    warning  Mixed spaces and tabs                               no-mixed-spaces-and-tabs
  3357:1    warning  Mixed spaces and tabs                               no-mixed-spaces-and-tabs
  3359:1    warning  Mixed spaces and tabs                               no-mixed-spaces-and-tabs
  3360:1    warning  Mixed spaces and tabs                               no-mixed-spaces-and-tabs
  3362:1    warning  Mixed spaces and tabs                               no-mixed-spaces-and-tabs
  3363:1    warning  Mixed spaces and tabs                               no-mixed-spaces-and-tabs
  3368:1    warning  Mixed spaces and tabs                               no-mixed-spaces-and-tabs
  3399:51   warning  'dataim25' is defined but never used                no-unused-vars
  3399:80   warning  'kim5' is defined but never used                    no-unused-vars
  3420:13   warning  'math' is not defined                               no-undef
  3430:15   warning  'math' is not defined                               no-undef
  3430:32   warning  'math' is not defined                               no-undef
  3430:46   warning  'math' is not defined                               no-undef
  3430:73   warning  'math' is not defined                               no-undef
  3431:15   warning  'math' is not defined                               no-undef
  3431:32   warning  'math' is not defined                               no-undef
  3431:46   warning  'math' is not defined                               no-undef
  3431:73   warning  'math' is not defined                               no-undef
  3432:15   warning  'math' is not defined                               no-undef
  3432:32   warning  'math' is not defined                               no-undef
  3432:46   warning  'math' is not defined                               no-undef
  3432:73   warning  'math' is not defined                               no-undef
  3435:13   warning  'math' is not defined                               no-undef
  3435:34   warning  'math' is not defined                               no-undef
  3435:43   warning  'math' is not defined                               no-undef
  3435:50   warning  'math' is not defined                               no-undef
  3436:13   warning  'math' is not defined                               no-undef
  3436:34   warning  'math' is not defined                               no-undef
  3436:43   warning  'math' is not defined                               no-undef
  3436:50   warning  'math' is not defined                               no-undef
  3437:13   warning  'math' is not defined                               no-undef
  3437:34   warning  'math' is not defined                               no-undef
  3437:43   warning  'math' is not defined                               no-undef
  3437:50   warning  'math' is not defined                               no-undef
  3439:15   warning  'math' is not defined                               no-undef
  3439:31   warning  'math' is not defined                               no-undef
  3472:18   warning  'CanvasJS' is not defined                           no-undef
  3475:2    warning  Mixed spaces and tabs                               no-mixed-spaces-and-tabs
  3476:1    warning  Mixed spaces and tabs                               no-mixed-spaces-and-tabs
  3478:1    warning  Mixed spaces and tabs                               no-mixed-spaces-and-tabs
  3479:1    warning  Mixed spaces and tabs                               no-mixed-spaces-and-tabs
  3481:1    warning  Mixed spaces and tabs                               no-mixed-spaces-and-tabs
  3482:1    warning  Mixed spaces and tabs                               no-mixed-spaces-and-tabs
  3487:1    warning  Mixed spaces and tabs                               no-mixed-spaces-and-tabs
  3513:6    warning  'chart' is already defined                          no-redeclare
  3513:18   warning  'CanvasJS' is not defined                           no-undef
  3516:2    warning  Mixed spaces and tabs                               no-mixed-spaces-and-tabs
  3517:1    warning  Mixed spaces and tabs                               no-mixed-spaces-and-tabs
  3519:1    warning  Mixed spaces and tabs                               no-mixed-spaces-and-tabs
  3520:1    warning  Mixed spaces and tabs                               no-mixed-spaces-and-tabs
  3522:1    warning  Mixed spaces and tabs                               no-mixed-spaces-and-tabs
  3523:1    warning  Mixed spaces and tabs                               no-mixed-spaces-and-tabs
  3528:1    warning  Mixed spaces and tabs                               no-mixed-spaces-and-tabs
  3539:1    warning  Mixed spaces and tabs                               no-mixed-spaces-and-tabs
  3551:1    warning  Mixed spaces and tabs                               no-mixed-spaces-and-tabs
  3571:6    warning  'chart' is already defined                          no-redeclare
  3571:18   warning  'CanvasJS' is not defined                           no-undef
  3574:2    warning  Mixed spaces and tabs                               no-mixed-spaces-and-tabs
  3575:1    warning  Mixed spaces and tabs                               no-mixed-spaces-and-tabs
  3577:1    warning  Mixed spaces and tabs                               no-mixed-spaces-and-tabs
  3578:1    warning  Mixed spaces and tabs                               no-mixed-spaces-and-tabs
  3580:1    warning  Mixed spaces and tabs                               no-mixed-spaces-and-tabs
  3581:1    warning  Mixed spaces and tabs                               no-mixed-spaces-and-tabs
  3586:1    warning  Mixed spaces and tabs                               no-mixed-spaces-and-tabs
  3597:1    warning  Mixed spaces and tabs                               no-mixed-spaces-and-tabs
  3605:1    warning  Mixed spaces and tabs                               no-mixed-spaces-and-tabs
  3617:1    warning  Mixed spaces and tabs                               no-mixed-spaces-and-tabs
  3625:1    warning  Mixed spaces and tabs                               no-mixed-spaces-and-tabs
  3644:6    warning  'chart' is already defined                          no-redeclare
  3644:18   warning  'CanvasJS' is not defined                           no-undef
  3647:2    warning  Mixed spaces and tabs                               no-mixed-spaces-and-tabs
  3648:1    warning  Mixed spaces and tabs                               no-mixed-spaces-and-tabs
  3650:1    warning  Mixed spaces and tabs                               no-mixed-spaces-and-tabs
  3651:1    warning  Mixed spaces and tabs                               no-mixed-spaces-and-tabs
  3653:1    warning  Mixed spaces and tabs                               no-mixed-spaces-and-tabs
  3654:1    warning  Mixed spaces and tabs                               no-mixed-spaces-and-tabs
  3659:1    warning  Mixed spaces and tabs                               no-mixed-spaces-and-tabs
  3670:1    warning  Mixed spaces and tabs                               no-mixed-spaces-and-tabs
  3678:1    warning  Mixed spaces and tabs                               no-mixed-spaces-and-tabs
  3686:1    warning  Mixed spaces and tabs                               no-mixed-spaces-and-tabs
  3698:1    warning  Mixed spaces and tabs                               no-mixed-spaces-and-tabs
  3706:1    warning  Mixed spaces and tabs                               no-mixed-spaces-and-tabs
  3714:1    warning  Mixed spaces and tabs                               no-mixed-spaces-and-tabs
  3846:13   warning  'math' is not defined                               no-undef
  3856:17   warning  'math' is not defined                               no-undef
  3856:34   warning  'math' is not defined                               no-undef
  3856:48   warning  'math' is not defined                               no-undef
  3856:71   warning  'math' is not defined                               no-undef
  3856:94   warning  'math' is not defined                               no-undef
  3857:15   warning  'math' is not defined                               no-undef
  3857:32   warning  'math' is not defined                               no-undef
  3857:52   warning  'math' is not defined                               no-undef
  3857:79   warning  'math' is not defined                               no-undef
  3858:15   warning  'math' is not defined                               no-undef
  3858:32   warning  'math' is not defined                               no-undef
  3858:52   warning  'math' is not defined                               no-undef
  3858:79   warning  'math' is not defined                               no-undef
  3859:15   warning  'math' is not defined                               no-undef
  3859:32   warning  'math' is not defined                               no-undef
  3859:52   warning  'math' is not defined                               no-undef
  3859:79   warning  'math' is not defined                               no-undef
  3862:13   warning  'math' is not defined                               no-undef
  3862:34   warning  'math' is not defined                               no-undef
  3862:43   warning  'math' is not defined                               no-undef
  3862:50   warning  'math' is not defined                               no-undef
  3863:13   warning  'math' is not defined                               no-undef
  3863:34   warning  'math' is not defined                               no-undef
  3863:43   warning  'math' is not defined                               no-undef
  3863:50   warning  'math' is not defined                               no-undef
  3864:13   warning  'math' is not defined                               no-undef
  3864:34   warning  'math' is not defined                               no-undef
  3864:43   warning  'math' is not defined                               no-undef
  3864:50   warning  'math' is not defined                               no-undef
  3866:15   warning  'math' is not defined                               no-undef
  3866:31   warning  'math' is not defined                               no-undef
  3878:18   warning  'CanvasJS' is not defined                           no-undef
  3881:2    warning  Mixed spaces and tabs                               no-mixed-spaces-and-tabs
  3882:1    warning  Mixed spaces and tabs                               no-mixed-spaces-and-tabs
  3884:1    warning  Mixed spaces and tabs                               no-mixed-spaces-and-tabs
  3885:1    warning  Mixed spaces and tabs                               no-mixed-spaces-and-tabs
  3887:1    warning  Mixed spaces and tabs                               no-mixed-spaces-and-tabs
  3888:1    warning  Mixed spaces and tabs                               no-mixed-spaces-and-tabs
  3893:1    warning  Mixed spaces and tabs                               no-mixed-spaces-and-tabs
  3924:41   warning  'data25' is defined but never used                  no-unused-vars
  3924:64   warning  'ks5' is defined but never used                     no-unused-vars
  3946:13   warning  'math' is not defined                               no-undef
  3956:17   warning  'math' is not defined                               no-undef
  3956:34   warning  'math' is not defined                               no-undef
  3956:48   warning  'math' is not defined                               no-undef
  3956:71   warning  'math' is not defined                               no-undef
  3956:94   warning  'math' is not defined                               no-undef
  3957:15   warning  'math' is not defined                               no-undef
  3957:32   warning  'math' is not defined                               no-undef
  3957:52   warning  'math' is not defined                               no-undef
  3957:79   warning  'math' is not defined                               no-undef
  3958:15   warning  'math' is not defined                               no-undef
  3958:32   warning  'math' is not defined                               no-undef
  3958:52   warning  'math' is not defined                               no-undef
  3958:79   warning  'math' is not defined                               no-undef
  3959:15   warning  'math' is not defined                               no-undef
  3959:32   warning  'math' is not defined                               no-undef
  3959:52   warning  'math' is not defined                               no-undef
  3959:79   warning  'math' is not defined                               no-undef
  3962:13   warning  'math' is not defined                               no-undef
  3962:34   warning  'math' is not defined                               no-undef
  3962:43   warning  'math' is not defined                               no-undef
  3962:50   warning  'math' is not defined                               no-undef
  3963:13   warning  'math' is not defined                               no-undef
  3963:34   warning  'math' is not defined                               no-undef
  3963:43   warning  'math' is not defined                               no-undef
  3963:50   warning  'math' is not defined                               no-undef
  3964:13   warning  'math' is not defined                               no-undef
  3964:34   warning  'math' is not defined                               no-undef
  3964:43   warning  'math' is not defined                               no-undef
  3964:50   warning  'math' is not defined                               no-undef
  3966:15   warning  'math' is not defined                               no-undef
  3966:31   warning  'math' is not defined                               no-undef
  4000:18   warning  'CanvasJS' is not defined                           no-undef
  4003:2    warning  Mixed spaces and tabs                               no-mixed-spaces-and-tabs
  4004:1    warning  Mixed spaces and tabs                               no-mixed-spaces-and-tabs
  4006:1    warning  Mixed spaces and tabs                               no-mixed-spaces-and-tabs
  4007:1    warning  Mixed spaces and tabs                               no-mixed-spaces-and-tabs
  4009:1    warning  Mixed spaces and tabs                               no-mixed-spaces-and-tabs
  4010:1    warning  Mixed spaces and tabs                               no-mixed-spaces-and-tabs
  4015:1    warning  Mixed spaces and tabs                               no-mixed-spaces-and-tabs
  4042:6    warning  'chart' is already defined                          no-redeclare
  4042:18   warning  'CanvasJS' is not defined                           no-undef
  4045:2    warning  Mixed spaces and tabs                               no-mixed-spaces-and-tabs
  4046:1    warning  Mixed spaces and tabs                               no-mixed-spaces-and-tabs
  4048:1    warning  Mixed spaces and tabs                               no-mixed-spaces-and-tabs
  4049:1    warning  Mixed spaces and tabs                               no-mixed-spaces-and-tabs
  4051:1    warning  Mixed spaces and tabs                               no-mixed-spaces-and-tabs
  4052:1    warning  Mixed spaces and tabs                               no-mixed-spaces-and-tabs
  4057:1    warning  Mixed spaces and tabs                               no-mixed-spaces-and-tabs
  4068:1    warning  Mixed spaces and tabs                               no-mixed-spaces-and-tabs
  4080:1    warning  Mixed spaces and tabs                               no-mixed-spaces-and-tabs
  4098:6    warning  'chart' is already defined                          no-redeclare
  4098:18   warning  'CanvasJS' is not defined                           no-undef
  4101:2    warning  Mixed spaces and tabs                               no-mixed-spaces-and-tabs
  4102:1    warning  Mixed spaces and tabs                               no-mixed-spaces-and-tabs
  4104:1    warning  Mixed spaces and tabs                               no-mixed-spaces-and-tabs
  4105:1    warning  Mixed spaces and tabs                               no-mixed-spaces-and-tabs
  4107:1    warning  Mixed spaces and tabs                               no-mixed-spaces-and-tabs
  4108:1    warning  Mixed spaces and tabs                               no-mixed-spaces-and-tabs
  4113:1    warning  Mixed spaces and tabs                               no-mixed-spaces-and-tabs
  4124:1    warning  Mixed spaces and tabs                               no-mixed-spaces-and-tabs
  4132:1    warning  Mixed spaces and tabs                               no-mixed-spaces-and-tabs
  4144:1    warning  Mixed spaces and tabs                               no-mixed-spaces-and-tabs
  4151:1    warning  Mixed spaces and tabs                               no-mixed-spaces-and-tabs
  4169:6    warning  'chart' is already defined                          no-redeclare
  4169:18   warning  'CanvasJS' is not defined                           no-undef
  4172:2    warning  Mixed spaces and tabs                               no-mixed-spaces-and-tabs
  4173:1    warning  Mixed spaces and tabs                               no-mixed-spaces-and-tabs
  4175:1    warning  Mixed spaces and tabs                               no-mixed-spaces-and-tabs
  4176:1    warning  Mixed spaces and tabs                               no-mixed-spaces-and-tabs
  4178:1    warning  Mixed spaces and tabs                               no-mixed-spaces-and-tabs
  4179:1    warning  Mixed spaces and tabs                               no-mixed-spaces-and-tabs
  4184:1    warning  Mixed spaces and tabs                               no-mixed-spaces-and-tabs
  4195:1    warning  Mixed spaces and tabs                               no-mixed-spaces-and-tabs
  4203:1    warning  Mixed spaces and tabs                               no-mixed-spaces-and-tabs
  4211:1    warning  Mixed spaces and tabs                               no-mixed-spaces-and-tabs
  4223:1    warning  Mixed spaces and tabs                               no-mixed-spaces-and-tabs
  4230:1    warning  Mixed spaces and tabs                               no-mixed-spaces-and-tabs
  4237:1    warning  Mixed spaces and tabs                               no-mixed-spaces-and-tabs
  4360:10   warning  'DC_Motor' is defined but never used                no-unused-vars
  4369:9    warning  'math' is not defined                               no-undef
  4369:26   warning  'math' is not defined                               no-undef
  4374:10   warning  'math' is not defined                               no-undef
  4374:25   warning  'math' is not defined                               no-undef
  4374:34   warning  'math' is not defined                               no-undef
  4374:54   warning  'math' is not defined                               no-undef
  4375:12   warning  'math' is not defined                               no-undef
  4375:24   warning  'math' is not defined                               no-undef
  4375:44   warning  'math' is not defined                               no-undef
  4375:53   warning  'math' is not defined                               no-undef
  4375:73   warning  'math' is not defined                               no-undef
  4379:9    warning  'math' is not defined                               no-undef
  4379:23   warning  'math' is not defined                               no-undef
  4379:45   warning  'math' is not defined                               no-undef
  4379:61   warning  'math' is not defined                               no-undef
  4379:70   warning  'math' is not defined                               no-undef
  4379:78   warning  'math' is not defined                               no-undef
  4381:10   warning  'math' is not defined                               no-undef
  4381:24   warning  'math' is not defined                               no-undef
  4381:48   warning  'math' is not defined                               no-undef
  4384:5    warning  'N' is assigned a value but never used              no-unused-vars
  4384:9    warning  'math' is not defined                               no-undef
  4384:21   warning  'math' is not defined                               no-undef
  4384:45   warning  'math' is not defined                               no-undef
  4384:61   warning  'math' is not defined                               no-undef
  4389:10   warning  'math' is not defined                               no-undef
  4390:10   warning  'math' is not defined                               no-undef
  4392:10   warning  'math' is not defined                               no-undef
  4392:24   warning  'math' is not defined                               no-undef
  4392:45   warning  'math' is not defined                               no-undef
  4394:9    warning  'math' is not defined                               no-undef
  4397:10   warning  'math' is not defined                               no-undef
  4418:18   warning  'CanvasJS' is not defined                           no-undef
  4421:2    warning  Mixed spaces and tabs                               no-mixed-spaces-and-tabs
  4422:1    warning  Mixed spaces and tabs                               no-mixed-spaces-and-tabs
  4424:1    warning  Mixed spaces and tabs                               no-mixed-spaces-and-tabs
  4425:1    warning  Mixed spaces and tabs                               no-mixed-spaces-and-tabs
  4427:1    warning  Mixed spaces and tabs                               no-mixed-spaces-and-tabs
  4428:1    warning  Mixed spaces and tabs                               no-mixed-spaces-and-tabs
  4433:1    warning  Mixed spaces and tabs                               no-mixed-spaces-and-tabs
  4472:9    warning  'math' is not defined                               no-undef
  4472:26   warning  'math' is not defined                               no-undef
  4492:10   warning  'math' is not defined                               no-undef
  4492:25   warning  'math' is not defined                               no-undef
  4492:34   warning  'math' is not defined                               no-undef
  4492:54   warning  'math' is not defined                               no-undef
  4493:12   warning  'math' is not defined                               no-undef
  4493:24   warning  'math' is not defined                               no-undef
  4493:44   warning  'math' is not defined                               no-undef
  4493:53   warning  'math' is not defined                               no-undef
  4493:73   warning  'math' is not defined                               no-undef
  4497:9    warning  'math' is not defined                               no-undef
  4497:23   warning  'math' is not defined                               no-undef
  4497:45   warning  'math' is not defined                               no-undef
  4497:61   warning  'math' is not defined                               no-undef
  4497:70   warning  'math' is not defined                               no-undef
  4497:78   warning  'math' is not defined                               no-undef
  4499:10   warning  'math' is not defined                               no-undef
  4499:24   warning  'math' is not defined                               no-undef
  4499:48   warning  'math' is not defined                               no-undef
  4502:5    warning  'N' is assigned a value but never used              no-unused-vars
  4502:9    warning  'math' is not defined                               no-undef
  4502:21   warning  'math' is not defined                               no-undef
  4502:45   warning  'math' is not defined                               no-undef
  4502:61   warning  'math' is not defined                               no-undef
  4504:10   warning  'math' is not defined                               no-undef
  4504:22   warning  'math' is not defined                               no-undef
  4507:9    warning  'math' is not defined                               no-undef
  4510:10   warning  'math' is not defined                               no-undef
  4539:10   warning  'DC_group' is defined but never used                no-unused-vars
  4547:18   warning  'CanvasJS' is not defined                           no-undef
  4550:2    warning  Mixed spaces and tabs                               no-mixed-spaces-and-tabs
  4551:1    warning  Mixed spaces and tabs                               no-mixed-spaces-and-tabs
  4553:1    warning  Mixed spaces and tabs                               no-mixed-spaces-and-tabs
  4554:1    warning  Mixed spaces and tabs                               no-mixed-spaces-and-tabs
  4556:1    warning  Mixed spaces and tabs                               no-mixed-spaces-and-tabs
  4557:1    warning  Mixed spaces and tabs                               no-mixed-spaces-and-tabs
  4562:1    warning  Mixed spaces and tabs                               no-mixed-spaces-and-tabs
  4589:6    warning  'chart' is already defined                          no-redeclare
  4589:18   warning  'CanvasJS' is not defined                           no-undef
  4592:2    warning  Mixed spaces and tabs                               no-mixed-spaces-and-tabs
  4593:1    warning  Mixed spaces and tabs                               no-mixed-spaces-and-tabs
  4595:1    warning  Mixed spaces and tabs                               no-mixed-spaces-and-tabs
  4596:1    warning  Mixed spaces and tabs                               no-mixed-spaces-and-tabs
  4598:1    warning  Mixed spaces and tabs                               no-mixed-spaces-and-tabs
  4599:1    warning  Mixed spaces and tabs                               no-mixed-spaces-and-tabs
  4604:1    warning  Mixed spaces and tabs                               no-mixed-spaces-and-tabs
  4615:1    warning  Mixed spaces and tabs                               no-mixed-spaces-and-tabs
  4628:1    warning  Mixed spaces and tabs                               no-mixed-spaces-and-tabs
  4647:6    warning  'chart' is already defined                          no-redeclare
  4647:18   warning  'CanvasJS' is not defined                           no-undef
  4650:2    warning  Mixed spaces and tabs                               no-mixed-spaces-and-tabs
  4651:1    warning  Mixed spaces and tabs                               no-mixed-spaces-and-tabs
  4653:1    warning  Mixed spaces and tabs                               no-mixed-spaces-and-tabs
  4654:1    warning  Mixed spaces and tabs                               no-mixed-spaces-and-tabs
  4656:1    warning  Mixed spaces and tabs                               no-mixed-spaces-and-tabs
  4657:1    warning  Mixed spaces and tabs                               no-mixed-spaces-and-tabs
  4662:1    warning  Mixed spaces and tabs                               no-mixed-spaces-and-tabs
  4673:1    warning  Mixed spaces and tabs                               no-mixed-spaces-and-tabs
  4681:1    warning  Mixed spaces and tabs                               no-mixed-spaces-and-tabs
  4694:1    warning  Mixed spaces and tabs                               no-mixed-spaces-and-tabs
  4720:6    warning  'chart' is already defined                          no-redeclare
  4720:18   warning  'CanvasJS' is not defined                           no-undef
  4723:2    warning  Mixed spaces and tabs                               no-mixed-spaces-and-tabs
  4724:1    warning  Mixed spaces and tabs                               no-mixed-spaces-and-tabs
  4726:1    warning  Mixed spaces and tabs                               no-mixed-spaces-and-tabs
  4727:1    warning  Mixed spaces and tabs                               no-mixed-spaces-and-tabs
  4729:1    warning  Mixed spaces and tabs                               no-mixed-spaces-and-tabs
  4730:1    warning  Mixed spaces and tabs                               no-mixed-spaces-and-tabs
  4735:1    warning  Mixed spaces and tabs                               no-mixed-spaces-and-tabs
  4746:1    warning  Mixed spaces and tabs                               no-mixed-spaces-and-tabs
  4756:1    warning  Mixed spaces and tabs                               no-mixed-spaces-and-tabs
  4762:1    warning  Mixed spaces and tabs                               no-mixed-spaces-and-tabs
  4775:1    warning  Mixed spaces and tabs                               no-mixed-spaces-and-tabs
  4791:1    warning  Mixed spaces and tabs                               no-mixed-spaces-and-tabs
  4809:6    warning  'chart' is already defined                          no-redeclare
  4809:18   warning  'CanvasJS' is not defined                           no-undef
  4812:2    warning  Mixed spaces and tabs                               no-mixed-spaces-and-tabs
  4813:1    warning  Mixed spaces and tabs                               no-mixed-spaces-and-tabs
  4815:1    warning  Mixed spaces and tabs                               no-mixed-spaces-and-tabs
  4816:1    warning  Mixed spaces and tabs                               no-mixed-spaces-and-tabs
  4818:1    warning  Mixed spaces and tabs                               no-mixed-spaces-and-tabs
  4819:1    warning  Mixed spaces and tabs                               no-mixed-spaces-and-tabs
  4824:1    warning  Mixed spaces and tabs                               no-mixed-spaces-and-tabs
  4835:1    warning  Mixed spaces and tabs                               no-mixed-spaces-and-tabs
  4845:1    warning  Mixed spaces and tabs                               no-mixed-spaces-and-tabs
  4851:1    warning  Mixed spaces and tabs                               no-mixed-spaces-and-tabs
  4859:1    warning  Mixed spaces and tabs                               no-mixed-spaces-and-tabs
  4872:1    warning  Mixed spaces and tabs                               no-mixed-spaces-and-tabs
  4888:1    warning  Mixed spaces and tabs                               no-mixed-spaces-and-tabs
  4896:1    warning  Mixed spaces and tabs                               no-mixed-spaces-and-tabs
  5103:10   warning  'Bode' is defined but never used                    no-unused-vars
  5117:14   warning  'math' is not defined                               no-undef
  5119:13   warning  'math' is not defined                               no-undef
  5120:13   warning  'math' is not defined                               no-undef
  5121:12   warning  'math' is not defined                               no-undef
  5121:22   warning  'math' is not defined                               no-undef
  5122:12   warning  'math' is not defined                               no-undef
  5123:14   warning  'math' is not defined                               no-undef
  5123:31   warning  'math' is not defined                               no-undef
  5125:13   warning  'math' is not defined                               no-undef
  5125:27   warning  'math' is not defined                               no-undef
  5125:41   warning  'math' is not defined                               no-undef
  5125:58   warning  'math' is not defined                               no-undef
  5125:74   warning  'math' is not defined                               no-undef
  5125:85   warning  'math' is not defined                               no-undef
  5125:99   warning  'math' is not defined                               no-undef
  5125:109  warning  'math' is not defined                               no-undef
  5125:131  warning  'math' is not defined                               no-undef
  5125:147  warning  'math' is not defined                               no-undef
  5136:12   warning  'math' is not defined                               no-undef
  5137:17   warning  'math' is not defined                               no-undef
  5139:16   warning  'math' is not defined                               no-undef
  5140:16   warning  'math' is not defined                               no-undef
  5141:15   warning  'math' is not defined                               no-undef
  5141:25   warning  'math' is not defined                               no-undef
  5142:16   warning  'math' is not defined                               no-undef
  5143:10   warning  'math' is not defined                               no-undef
  5144:12   warning  'math' is not defined                               no-undef
  5144:29   warning  'math' is not defined                               no-undef
  5145:14   warning  'math' is not defined                               no-undef
  5147:17   warning  'math' is not defined                               no-undef
  5148:13   warning  'math' is not defined                               no-undef
  5149:12   warning  'math' is not defined                               no-undef
  5150:12   warning  'math' is not defined                               no-undef
  5150:26   warning  'math' is not defined                               no-undef
  5150:40   warning  'math' is not defined                               no-undef
  5150:56   warning  'math' is not defined                               no-undef
  5150:72   warning  'math' is not defined                               no-undef
  5150:83   warning  'math' is not defined                               no-undef
  5150:97   warning  'math' is not defined                               no-undef
  5150:107  warning  'math' is not defined                               no-undef
  5150:128  warning  'math' is not defined                               no-undef
  5150:144  warning  'math' is not defined                               no-undef
  5152:10   warning  'math' is not defined                               no-undef
  5153:14   warning  'math' is not defined                               no-undef
  5164:18   warning  'CanvasJS' is not defined                           no-undef
  5170:1    warning  Mixed spaces and tabs                               no-mixed-spaces-and-tabs
  5172:1    warning  Mixed spaces and tabs                               no-mixed-spaces-and-tabs
  5173:1    warning  Mixed spaces and tabs                               no-mixed-spaces-and-tabs
  5175:1    warning  Mixed spaces and tabs                               no-mixed-spaces-and-tabs
  5176:1    warning  Mixed spaces and tabs                               no-mixed-spaces-and-tabs
  5177:2    warning  Mixed spaces and tabs                               no-mixed-spaces-and-tabs
  5182:1    warning  Mixed spaces and tabs                               no-mixed-spaces-and-tabs
  5193:1    warning  Mixed spaces and tabs                               no-mixed-spaces-and-tabs
  5201:1    warning  Mixed spaces and tabs                               no-mixed-spaces-and-tabs
  5209:1    warning  Mixed spaces and tabs                               no-mixed-spaces-and-tabs
  5220:1    warning  Mixed spaces and tabs                               no-mixed-spaces-and-tabs
  5232:1    warning  Mixed spaces and tabs                               no-mixed-spaces-and-tabs
  5244:1    warning  Mixed spaces and tabs                               no-mixed-spaces-and-tabs
  5256:1    warning  Mixed spaces and tabs                               no-mixed-spaces-and-tabs
  5267:19   warning  'CanvasJS' is not defined                           no-undef
  5273:1    warning  Mixed spaces and tabs                               no-mixed-spaces-and-tabs
  5275:1    warning  Mixed spaces and tabs                               no-mixed-spaces-and-tabs
  5276:1    warning  Mixed spaces and tabs                               no-mixed-spaces-and-tabs
  5278:1    warning  Mixed spaces and tabs                               no-mixed-spaces-and-tabs
  5279:1    warning  Mixed spaces and tabs                               no-mixed-spaces-and-tabs
  5280:2    warning  Mixed spaces and tabs                               no-mixed-spaces-and-tabs
  5285:1    warning  Mixed spaces and tabs                               no-mixed-spaces-and-tabs
  5296:1    warning  Mixed spaces and tabs                               no-mixed-spaces-and-tabs
  5304:1    warning  Mixed spaces and tabs                               no-mixed-spaces-and-tabs
  5312:1    warning  Mixed spaces and tabs                               no-mixed-spaces-and-tabs
  5320:1    warning  Mixed spaces and tabs                               no-mixed-spaces-and-tabs
  5329:1    warning  Mixed spaces and tabs                               no-mixed-spaces-and-tabs
  5330:1    warning  Mixed spaces and tabs                               no-mixed-spaces-and-tabs
  5331:1    warning  Mixed spaces and tabs                               no-mixed-spaces-and-tabs
  5343:1    warning  Mixed spaces and tabs                               no-mixed-spaces-and-tabs
  5355:1    warning  Mixed spaces and tabs                               no-mixed-spaces-and-tabs
  5367:1    warning  Mixed spaces and tabs                               no-mixed-spaces-and-tabs
  5380:1    warning  Mixed spaces and tabs                               no-mixed-spaces-and-tabs
  5397:10   warning  'Nyquist' is defined but never used                 no-unused-vars
  5412:14   warning  'math' is not defined                               no-undef
  5414:13   warning  'math' is not defined                               no-undef
  5415:13   warning  'math' is not defined                               no-undef
  5416:12   warning  'math' is not defined                               no-undef
  5416:22   warning  'math' is not defined                               no-undef
  5417:12   warning  'math' is not defined                               no-undef
  5418:5    warning  'gaindb' is assigned a value but never used         no-unused-vars
  5418:14   warning  'math' is not defined                               no-undef
  5418:31   warning  'math' is not defined                               no-undef
  5421:13   warning  'math' is not defined                               no-undef
  5421:22   warning  'math' is not defined                               no-undef
  5421:36   warning  'math' is not defined                               no-undef
  5421:50   warning  'math' is not defined                               no-undef
  5421:67   warning  'math' is not defined                               no-undef
  5421:83   warning  'math' is not defined                               no-undef
  5421:94   warning  'math' is not defined                               no-undef
  5421:108  warning  'math' is not defined                               no-undef
  5421:118  warning  'math' is not defined                               no-undef
  5421:140  warning  'math' is not defined                               no-undef
  5421:156  warning  'math' is not defined                               no-undef
  5424:16   warning  'math' is not defined                               no-undef
  5435:19   warning  'math' is not defined                               no-undef
  5435:38   warning  'math' is not defined                               no-undef
  5436:19   warning  'math' is not defined                               no-undef
  5436:38   warning  'math' is not defined                               no-undef
  5454:10   warning  'math' is not defined                               no-undef
  5456:10   warning  'math' is not defined                               no-undef
  5457:10   warning  'math' is not defined                               no-undef
  5458:9    warning  'math' is not defined                               no-undef
  5458:19   warning  'math' is not defined                               no-undef
  5459:9    warning  'math' is not defined                               no-undef
  5462:9    warning  'math' is not defined                               no-undef
  5462:18   warning  'math' is not defined                               no-undef
  5462:32   warning  'math' is not defined                               no-undef
  5462:46   warning  'math' is not defined                               no-undef
  5462:59   warning  'math' is not defined                               no-undef
  5462:75   warning  'math' is not defined                               no-undef
  5462:86   warning  'math' is not defined                               no-undef
  5462:100  warning  'math' is not defined                               no-undef
  5462:110  warning  'math' is not defined                               no-undef
  5462:128  warning  'math' is not defined                               no-undef
  5462:144  warning  'math' is not defined                               no-undef
  5465:14   warning  'math' is not defined                               no-undef
  5467:5    warning  'sAlpha' is assigned a value but never used         no-unused-vars
  5467:14   warning  'math' is not defined                               no-undef
  5467:28   warning  'math' is not defined                               no-undef
  5467:45   warning  'math' is not defined                               no-undef
  5467:61   warning  'math' is not defined                               no-undef
  5468:5    warning  'cAlpha' is assigned a value but never used         no-unused-vars
  5468:14   warning  'math' is not defined                               no-undef
  5468:28   warning  'math' is not defined                               no-undef
  5468:45   warning  'math' is not defined                               no-undef
  5468:61   warning  'math' is not defined                               no-undef
  5470:11   warning  'math' is not defined                               no-undef
  5470:27   warning  'math' is not defined                               no-undef
  5471:11   warning  'math' is not defined                               no-undef
  5471:27   warning  'math' is not defined                               no-undef
  5475:12   warning  'math' is not defined                               no-undef
  5476:17   warning  'math' is not defined                               no-undef
  5478:16   warning  'math' is not defined                               no-undef
  5479:16   warning  'math' is not defined                               no-undef
  5480:15   warning  'math' is not defined                               no-undef
  5480:25   warning  'math' is not defined                               no-undef
  5481:16   warning  'math' is not defined                               no-undef
  5482:10   warning  'math' is not defined                               no-undef
  5483:12   warning  'math' is not defined                               no-undef
  5483:29   warning  'math' is not defined                               no-undef
  5487:17   warning  'math' is not defined                               no-undef
  5488:13   warning  'math' is not defined                               no-undef
  5490:12   warning  'math' is not defined                               no-undef
  5491:12   warning  'math' is not defined                               no-undef
  5491:26   warning  'math' is not defined                               no-undef
  5491:40   warning  'math' is not defined                               no-undef
  5491:56   warning  'math' is not defined                               no-undef
  5491:72   warning  'math' is not defined                               no-undef
  5491:83   warning  'math' is not defined                               no-undef
  5491:97   warning  'math' is not defined                               no-undef
  5491:107  warning  'math' is not defined                               no-undef
  5491:128  warning  'math' is not defined                               no-undef
  5491:144  warning  'math' is not defined                               no-undef
  5492:10   warning  'math' is not defined                               no-undef
  5496:11   warning  'math' is not defined                               no-undef
  5498:11   warning  'math' is not defined                               no-undef
  5499:11   warning  'math' is not defined                               no-undef
  5500:10   warning  'math' is not defined                               no-undef
  5500:20   warning  'math' is not defined                               no-undef
  5501:10   warning  'math' is not defined                               no-undef
  5502:5    warning  'ggdb' is assigned a value but never used           no-unused-vars
  5502:12   warning  'math' is not defined                               no-undef
  5502:29   warning  'math' is not defined                               no-undef
  5505:10   warning  'math' is not defined                               no-undef
  5505:19   warning  'math' is not defined                               no-undef
  5505:33   warning  'math' is not defined                               no-undef
  5505:47   warning  'math' is not defined                               no-undef
  5505:61   warning  'math' is not defined                               no-undef
  5505:77   warning  'math' is not defined                               no-undef
  5505:88   warning  'math' is not defined                               no-undef
  5505:102  warning  'math' is not defined                               no-undef
  5505:112  warning  'math' is not defined                               no-undef
  5505:131  warning  'math' is not defined                               no-undef
  5505:147  warning  'math' is not defined                               no-undef
  5508:15   warning  'math' is not defined                               no-undef
  5510:5    warning  'sgAlpha' is assigned a value but never used        no-unused-vars
  5510:15   warning  'math' is not defined                               no-undef
  5510:29   warning  'math' is not defined                               no-undef
  5510:47   warning  'math' is not defined                               no-undef
  5510:63   warning  'math' is not defined                               no-undef
  5511:5    warning  'cgAlpha' is assigned a value but never used        no-unused-vars
  5511:15   warning  'math' is not defined                               no-undef
  5511:29   warning  'math' is not defined                               no-undef
  5511:47   warning  'math' is not defined                               no-undef
  5511:63   warning  'math' is not defined                               no-undef
  5513:5    warning  'xgco' is assigned a value but never used           no-unused-vars
  5513:12   warning  'math' is not defined                               no-undef
  5513:29   warning  'math' is not defined                               no-undef
  5514:12   warning  'math' is not defined                               no-undef
  5514:29   warning  'math' is not defined                               no-undef
  5518:11   warning  'math' is not defined                               no-undef
  5520:12   warning  'math' is not defined                               no-undef
  5521:12   warning  'math' is not defined                               no-undef
  5522:11   warning  'math' is not defined                               no-undef
  5522:21   warning  'math' is not defined                               no-undef
  5523:11   warning  'math' is not defined                               no-undef
  5524:5    warning  'gpgdb' is assigned a value but never used          no-unused-vars
  5524:13   warning  'math' is not defined                               no-undef
  5524:30   warning  'math' is not defined                               no-undef
  5527:11   warning  'math' is not defined                               no-undef
  5527:20   warning  'math' is not defined                               no-undef
  5527:34   warning  'math' is not defined                               no-undef
  5527:48   warning  'math' is not defined                               no-undef
  5527:62   warning  'math' is not defined                               no-undef
  5527:78   warning  'math' is not defined                               no-undef
  5527:89   warning  'math' is not defined                               no-undef
  5527:103  warning  'math' is not defined                               no-undef
  5527:113  warning  'math' is not defined                               no-undef
  5527:132  warning  'math' is not defined                               no-undef
  5527:148  warning  'math' is not defined                               no-undef
  5530:16   warning  'math' is not defined                               no-undef
  5530:27   warning  'math' is not defined                               no-undef
  5532:5    warning  'spgAlpha' is assigned a value but never used       no-unused-vars
  5532:16   warning  'math' is not defined                               no-undef
  5532:30   warning  'math' is not defined                               no-undef
  5532:49   warning  'math' is not defined                               no-undef
  5532:65   warning  'math' is not defined                               no-undef
  5533:5    warning  'cpgAlpha' is assigned a value but never used       no-unused-vars
  5533:16   warning  'math' is not defined                               no-undef
  5533:30   warning  'math' is not defined                               no-undef
  5533:49   warning  'math' is not defined                               no-undef
  5533:65   warning  'math' is not defined                               no-undef
  5535:5    warning  'xpgco' is assigned a value but never used          no-unused-vars
  5535:13   warning  'math' is not defined                               no-undef
  5535:31   warning  'math' is not defined                               no-undef
  5536:5    warning  'ypgco' is assigned a value but never used          no-unused-vars
  5536:13   warning  'math' is not defined                               no-undef
  5536:31   warning  'math' is not defined                               no-undef
  5554:18   warning  'CanvasJS' is not defined                           no-undef
  5560:1    warning  Mixed spaces and tabs                               no-mixed-spaces-and-tabs
  5562:1    warning  Mixed spaces and tabs                               no-mixed-spaces-and-tabs
  5563:1    warning  Mixed spaces and tabs                               no-mixed-spaces-and-tabs
  5565:1    warning  Mixed spaces and tabs                               no-mixed-spaces-and-tabs
  5566:1    warning  Mixed spaces and tabs                               no-mixed-spaces-and-tabs
  5567:2    warning  Mixed spaces and tabs                               no-mixed-spaces-and-tabs
  5574:1    warning  Mixed spaces and tabs                               no-mixed-spaces-and-tabs
  5585:1    warning  Mixed spaces and tabs                               no-mixed-spaces-and-tabs
  5593:1    warning  Mixed spaces and tabs                               no-mixed-spaces-and-tabs
  5601:1    warning  Mixed spaces and tabs                               no-mixed-spaces-and-tabs
  5609:1    warning  Mixed spaces and tabs                               no-mixed-spaces-and-tabs
  5617:1    warning  Mixed spaces and tabs                               no-mixed-spaces-and-tabs
  5625:1    warning  Mixed spaces and tabs                               no-mixed-spaces-and-tabs
  5633:1    warning  Mixed spaces and tabs                               no-mixed-spaces-and-tabs
  5641:1    warning  Mixed spaces and tabs                               no-mixed-spaces-and-tabs
  5649:1    warning  Mixed spaces and tabs                               no-mixed-spaces-and-tabs
  5657:1    warning  Mixed spaces and tabs                               no-mixed-spaces-and-tabs
  5666:1    warning  Mixed spaces and tabs                               no-mixed-spaces-and-tabs
  5681:1    warning  Mixed spaces and tabs                               no-mixed-spaces-and-tabs
  5691:1    warning  Mixed spaces and tabs                               no-mixed-spaces-and-tabs
  5699:1    warning  Mixed spaces and tabs                               no-mixed-spaces-and-tabs
  5709:1    warning  Mixed spaces and tabs                               no-mixed-spaces-and-tabs
  5710:1    warning  Mixed spaces and tabs                               no-mixed-spaces-and-tabs
  5712:1    warning  Mixed spaces and tabs                               no-mixed-spaces-and-tabs
  5713:1    warning  Mixed spaces and tabs                               no-mixed-spaces-and-tabs
  5714:1    warning  Mixed spaces and tabs                               no-mixed-spaces-and-tabs
  5715:1    warning  Mixed spaces and tabs                               no-mixed-spaces-and-tabs
  5716:1    warning  Mixed spaces and tabs                               no-mixed-spaces-and-tabs
  5717:1    warning  Mixed spaces and tabs                               no-mixed-spaces-and-tabs
  5728:1    warning  Mixed spaces and tabs                               no-mixed-spaces-and-tabs
  5740:1    warning  Mixed spaces and tabs                               no-mixed-spaces-and-tabs
  5749:1    warning  Mixed spaces and tabs                               no-mixed-spaces-and-tabs
  5757:1    warning  Mixed spaces and tabs                               no-mixed-spaces-and-tabs
  5759:1    warning  Mixed spaces and tabs                               no-mixed-spaces-and-tabs
  5768:1    warning  Mixed spaces and tabs                               no-mixed-spaces-and-tabs
  5770:1    warning  Mixed spaces and tabs                               no-mixed-spaces-and-tabs
  5778:1    warning  Mixed spaces and tabs                               no-mixed-spaces-and-tabs
  5780:1    warning  Mixed spaces and tabs                               no-mixed-spaces-and-tabs
  5788:1    warning  Mixed spaces and tabs                               no-mixed-spaces-and-tabs
  5790:1    warning  Mixed spaces and tabs                               no-mixed-spaces-and-tabs
  5794:1    warning  Mixed spaces and tabs                               no-mixed-spaces-and-tabs
  5809:10   warning  'problem1_simulation' is defined but never used     no-unused-vars
  5827:10   warning  'problem1_mulsimulation' is defined but never used  no-unused-vars
  5847:11   warning  'loci_plot' is defined but never used               no-unused-vars
  5866:11   warning  'loci_mulplot' is defined but never used            no-unused-vars
  5886:10   warning  'Refresh' is defined but never used                 no-unused-vars
  5899:10   warning  'ok3d' is defined but never used                    no-unused-vars
  5931:10   warning  'saveImg' is defined but never used                 no-unused-vars
  5932:1    warning  'html2canvas' is not defined                        no-undef

/home/runner/work/exp-simulation-control-systems-iitkgp/exp-simulation-control-systems-iitkgp/experiment/simulation/js/demo.js
     8:1   warning  'jsPlumb' is not defined                           no-undef
    13:9   warning  'addDisc' is assigned a value but never used       no-unused-vars
    15:17  warning  'e' is assigned a value but never used             no-unused-vars
    22:9   warning  'reset' is assigned a value but never used         no-unused-vars
    35:51  warning  'ui' is defined but never used                     no-unused-vars
    37:21  warning  'jsPlumb' is not defined                           no-undef
    42:25  warning  'jsPlumb' is not defined                           no-undef
    50:21  warning  'id' is assigned a value but never used            no-unused-vars
    87:9   warning  'prepare_oven' is assigned a value but never used  no-unused-vars
    90:20  warning  'instance_black' is not defined                    no-undef
   110:16  warning  'jsPlumb' is not defined                           no-undef
   117:2   warning  'instance_black' is not defined                    no-undef
   117:19  warning  'jsPlumb' is not defined                           no-undef
   141:13  warning  'e2' is assigned a value but never used            no-unused-vars
   142:4   warning  'e3' is assigned a value but never used            no-unused-vars
   143:13  warning  'e4' is assigned a value but never used            no-unused-vars
   144:4   warning  'e5' is assigned a value but never used            no-unused-vars
   145:4   warning  'e6' is assigned a value but never used            no-unused-vars
   146:13  warning  'e7' is assigned a value but never used            no-unused-vars
   147:4   warning  'e8' is assigned a value but never used            no-unused-vars
   148:4   warning  'e9' is assigned a value but never used            no-unused-vars
   149:13  warning  'e10' is assigned a value but never used           no-unused-vars
   150:4   warning  'e11' is assigned a value but never used           no-unused-vars
   151:4   warning  'e12' is assigned a value but never used           no-unused-vars
   152:13  warning  'e13' is assigned a value but never used           no-unused-vars
   153:4   warning  'e14' is assigned a value but never used           no-unused-vars
   154:13  warning  'e15' is assigned a value but never used           no-unused-vars
   155:4   warning  'e16' is assigned a value but never used           no-unused-vars
   156:4   warning  'e17' is assigned a value but never used           no-unused-vars
   157:13  warning  'e18' is assigned a value but never used           no-unused-vars
   158:4   warning  'e19' is assigned a value but never used           no-unused-vars
   159:4   warning  'e20' is assigned a value but never used           no-unused-vars
   160:13  warning  'e21' is assigned a value but never used           no-unused-vars
   161:4   warning  'e22' is assigned a value but never used           no-unused-vars
   162:4   warning  'e23' is assigned a value but never used           no-unused-vars
   163:13  warning  'e24' is assigned a value but never used           no-unused-vars
   164:4   warning  'e25' is assigned a value but never used           no-unused-vars
   165:13  warning  'e26' is assigned a value but never used           no-unused-vars
   166:4   warning  'e27' is assigned a value but never used           no-unused-vars
   167:4   warning  'e28' is assigned a value but never used           no-unused-vars
   168:13  warning  'e29' is assigned a value but never used           no-unused-vars
   169:4   warning  'e30' is assigned a value but never used           no-unused-vars
   170:3   warning  Mixed spaces and tabs                              no-mixed-spaces-and-tabs
   171:11  warning  Mixed spaces and tabs                              no-mixed-spaces-and-tabs
   174:3   warning  Mixed spaces and tabs                              no-mixed-spaces-and-tabs
   175:46  warning  'originalEvent' is defined but never used          no-unused-vars
   176:2   warning  Mixed spaces and tabs                              no-mixed-spaces-and-tabs
   180:2   warning  Mixed spaces and tabs                              no-mixed-spaces-and-tabs
   181:3   warning  Mixed spaces and tabs                              no-mixed-spaces-and-tabs
   182:4   warning  Mixed spaces and tabs                              no-mixed-spaces-and-tabs
   183:3   warning  Mixed spaces and tabs                              no-mixed-spaces-and-tabs
   184:3   warning  Mixed spaces and tabs                              no-mixed-spaces-and-tabs
   185:2   warning  Mixed spaces and tabs                              no-mixed-spaces-and-tabs
   186:2   warning  Mixed spaces and tabs                              no-mixed-spaces-and-tabs
   187:2   warning  Mixed spaces and tabs                              no-mixed-spaces-and-tabs
   190:3   warning  Mixed spaces and tabs                              no-mixed-spaces-and-tabs
   191:2   warning  Mixed spaces and tabs                              no-mixed-spaces-and-tabs
   195:2   warning  Mixed spaces and tabs                              no-mixed-spaces-and-tabs
   205:1   warning  Mixed spaces and tabs                              no-mixed-spaces-and-tabs
   523:2   warning  Mixed spaces and tabs                              no-mixed-spaces-and-tabs
   782:3   warning  Mixed spaces and tabs                              no-mixed-spaces-and-tabs
   818:13  warning  'count' is assigned a value but never used         no-unused-vars
  1316:3   warning  Mixed spaces and tabs                              no-mixed-spaces-and-tabs
  1325:3   warning  Mixed spaces and tabs                              no-mixed-spaces-and-tabs
  1333:3   warning  Mixed spaces and tabs                              no-mixed-spaces-and-tabs
  1341:3   warning  Mixed spaces and tabs                              no-mixed-spaces-and-tabs
  1349:3   warning  Mixed spaces and tabs                              no-mixed-spaces-and-tabs
  1357:3   warning  Mixed spaces and tabs                              no-mixed-spaces-and-tabs
  1365:3   warning  Mixed spaces and tabs                              no-mixed-spaces-and-tabs
  1373:3   warning  Mixed spaces and tabs                              no-mixed-spaces-and-tabs
  1379:1   warning  Mixed spaces and tabs                              no-mixed-spaces-and-tabs

/home/runner/work/exp-simulation-control-systems-iitkgp/exp-simulation-control-systems-iitkgp/experiment/simulation/js/jsPlumb.js
     68:9   warning  'root' is assigned a value but never used                                  no-unused-vars
    130:18  warning  'i' is already defined                                                     no-redeclare
    184:18  warning  'i' is already defined                                                     no-redeclare
    242:22  warning  'j' is already defined                                                     no-redeclare
    264:56  warning  't' is defined but never used                                              no-unused-vars
    279:26  warning  'j' is already defined                                                     no-redeclare
    582:9   warning  'exports' is not defined                                                   no-undef
    616:1   warning  Unnecessary semicolon                                                      no-extra-semi
    626:9   warning  'exports' is not defined                                                   no-undef
    661:9   warning  '_normal' is assigned a value but never used                               no-unused-vars
    672:9   warning  '_lineLength' is assigned a value but never used                           no-unused-vars
    706:9   warning  '_theta' is assigned a value but never used                                no-unused-vars
    725:9   warning  '_intersects' is assigned a value but never used                           no-unused-vars
    747:9   warning  '_encloses' is assigned a value but never used                             no-unused-vars
    764:9   warning  '_pointOnLine' is assigned a value but never used                          no-unused-vars
    781:9   warning  '_perpendicularLineTo' is assigned a value but never used                  no-unused-vars
    789:1   warning  Unnecessary semicolon                                                      no-extra-semi
    846:28  warning  'view' is defined but never used                                           no-unused-vars
    846:34  warning  'target' is defined but never used                                         no-unused-vars
    846:42  warning  'pageX' is defined but never used                                          no-unused-vars
    846:49  warning  'pageY' is defined but never used                                          no-unused-vars
    846:56  warning  'screenX' is defined but never used                                        no-unused-vars
    846:65  warning  'screenY' is defined but never used                                        no-unused-vars
    846:74  warning  'clientX' is defined but never used                                        no-unused-vars
    846:83  warning  'clientY' is defined but never used                                        no-unused-vars
   1040:58  warning  Do not access Object.prototype method 'hasOwnProperty' from target object  no-prototype-builtins
   1082:39  warning  Do not access Object.prototype method 'hasOwnProperty' from target object  no-prototype-builtins
   1132:9   warning  'touchstart' is assigned a value but never used                            no-unused-vars
   1132:36  warning  'touchend' is assigned a value but never used                              no-unused-vars
   1132:59  warning  'touchmove' is assigned a value but never used                             no-unused-vars
   1137:54  warning  Unnecessary escape character: \.                                           no-useless-escape
   1223:73  warning  Invalid typeof comparison value                                            valid-typeof
   1286:38  warning  Do not access Object.prototype method 'hasOwnProperty' from target object  no-prototype-builtins
   1288:51  warning  Do not access Object.prototype method 'hasOwnProperty' from target object  no-prototype-builtins
   1310:29  warning  'el' is defined but never used                                             no-unused-vars
   1310:33  warning  'event' is defined but never used                                          no-unused-vars
   1310:40  warning  'children' is defined but never used                                       no-unused-vars
   1310:50  warning  'fn' is defined but never used                                             no-unused-vars
   1457:9   warning  'exports' is not defined                                                   no-undef
   1490:1   warning  Unnecessary semicolon                                                      no-extra-semi
   1604:54  warning  Unnecessary escape character: \.                                           no-useless-escape
   1728:42  warning  'scope' is defined but never used                                          no-unused-vars
   1736:13  warning  'scroll' is assigned a value but never used                                no-unused-vars
   1886:13  warning  '_addFilter' is assigned a value but never used                            no-unused-vars
   1887:13  warning  '_removeFilter' is assigned a value but never used                         no-unused-vars
   2102:31  warning  Empty block statement                                                      no-empty
   2291:42  warning  'scope' is defined but never used                                          no-unused-vars
   2311:56  warning  'drag' is defined but never used                                           no-unused-vars
   2399:13  warning  '_getMatchingDroppables' is assigned a value but never used                no-unused-vars
   2443:18  warning  'i' is already defined                                                     no-redeclare
   2765:40  warning  'spec' is defined but never used                                           no-unused-vars
   2788:38  warning  'spec' is defined but never used                                           no-unused-vars
   2873:9   warning  'exports' is not defined                                                   no-undef
   2885:42  warning  'exports' is not defined                                                   no-undef
   2934:19  warning  Do not access Object.prototype method 'hasOwnProperty' from target object  no-prototype-builtins
   3030:26  warning  Unnecessary escape character: \.                                           no-useless-escape
   3031:40  warning  Unnecessary escape character: \[                                           no-useless-escape
   3241:36  warning  '_protoFn' is defined but never used                                       no-unused-vars
   3249:45  warning  Do not access Object.prototype method 'hasOwnProperty' from target object  no-prototype-builtins
   3249:83  warning  Do not access Object.prototype method 'hasOwnProperty' from target object  no-prototype-builtins
   3262:41  warning  Do not access Object.prototype method 'hasOwnProperty' from target object  no-prototype-builtins
   3262:79  warning  Do not access Object.prototype method 'hasOwnProperty' from target object  no-prototype-builtins
   3325:42  warning  Empty block statement                                                      no-empty
   3407:23  warning  Empty block statement                                                      no-empty
   3576:2   warning  Unnecessary semicolon                                                      no-extra-semi
   3631:1   warning  Unnecessary semicolon                                                      no-extra-semi
   3634:44  warning  'ep' is defined but never used                                             no-unused-vars
   3634:48  warning  'conn' is defined but never used                                           no-unused-vars
   3762:38  warning  'e' is defined but never used                                              no-unused-vars
   3866:1   warning  Unnecessary semicolon                                                      no-extra-semi
   3898:9   warning  'eventFilters' is assigned a value but never used                          no-unused-vars
   3917:9   warning  '_each' is assigned a value but never used                                 no-unused-vars
   4912:13  warning  '_setDraggable' is assigned a value but never used                         no-unused-vars
   5136:56  warning  'args' is defined but never used                                           no-unused-vars
   5184:60  warning  'cEl' is assigned a value but never used                                   no-unused-vars
   5811:13  warning  '_unmanage' is assigned a value but never used                             no-unused-vars
   5907:68  warning  'jsPlumbInstance' is assigned a value but never used                       no-unused-vars
   6477:39  warning  'scope' is defined but never used                                          no-unused-vars
   7164:9   warning  'exports' is not defined                                                   no-undef
   7179:1   warning  Unnecessary semicolon                                                      no-extra-semi
   7297:36  warning  'ignoreAttachedElements' is defined but never used                         no-unused-vars
   7489:1   warning  Unnecessary semicolon                                                      no-extra-semi
   7734:41  warning  'doNotRepaint' is defined but never used                                   no-unused-vars
   7739:50  warning  'doNotRepaint' is defined but never used                                   no-unused-vars
   7804:53  warning  'fireEvent' is defined but never used                                      no-unused-vars
   7804:64  warning  'originalEvent' is defined but never used                                  no-unused-vars
   7918:52  warning  Do not access Object.prototype method 'hasOwnProperty' from target object  no-prototype-builtins
   7964:39  warning  'startParams' is defined but never used                                    no-unused-vars
   8541:17  warning  'elId' is assigned a value but never used                                  no-unused-vars
   8778:1   warning  Unnecessary semicolon                                                      no-extra-semi
   9297:52  warning  Do not access Object.prototype method 'hasOwnProperty' from target object  no-prototype-builtins
   9322:52  warning  Do not access Object.prototype method 'hasOwnProperty' from target object  no-prototype-builtins
   9334:21  warning  'jsPlumb' is not defined                                                   no-undef
   9434:1   warning  Unnecessary semicolon                                                      no-extra-semi
  10142:27  warning  'Biltong' is not defined                                                   no-undef
  10494:23  warning  'jsPlumbUtil' is not defined                                               no-undef
  10727:1   warning  Unnecessary semicolon                                                      no-extra-semi
  10757:53  warning  'x' is defined but never used                                              no-unused-vars
  10757:56  warning  'y' is defined but never used                                              no-unused-vars
  10784:46  warning  'x1' is defined but never used                                             no-unused-vars
  10784:50  warning  'y1' is defined but never used                                             no-unused-vars
  10784:54  warning  'x2' is defined but never used                                             no-unused-vars
  10784:58  warning  'y2' is defined but never used                                             no-unused-vars
  10817:17  warning  '_super' is assigned a value but never used                                no-unused-vars
  10875:46  warning  '_' is defined but never used                                              no-unused-vars
  11077:17  warning  '_super' is assigned a value but never used                                no-unused-vars
  11309:17  warning  '_super' is assigned a value but never used                                no-unused-vars
  11636:13  warning  'dumpSegmentsToConsole' is assigned a value but never used                 no-unused-vars
  11692:48  warning  'anchorPoint' is defined but never used                                    no-unused-vars
  11692:61  warning  'orientation' is defined but never used                                    no-unused-vars
  11692:74  warning  'endpointStyle' is defined but never used                                  no-unused-vars
  11692:89  warning  'connectorPaintStyle' is defined but never used                            no-unused-vars
  11725:13  warning  '_super' is assigned a value but never used                                no-unused-vars
  11731:76  warning  'connectorPaintStyle' is defined but never used                            no-unused-vars
  11752:13  warning  '_super' is assigned a value but never used                                no-unused-vars
  11757:76  warning  'connectorPaintStyle' is defined but never used                            no-unused-vars
  11768:40  warning  'params' is defined but never used                                         no-unused-vars
  11846:48  warning  'orientation' is defined but never used                                    no-unused-vars
  11846:61  warning  'endpointStyle' is defined but never used                                  no-unused-vars
  11846:76  warning  'connectorPaintStyle' is defined but never used                            no-unused-vars
  11872:40  warning  'd' is defined but never used                                              no-unused-vars
  11872:43  warning  'style' is defined but never used                                          no-unused-vars
  11872:50  warning  'anchor' is defined but never used                                         no-unused-vars
  11915:13  warning  '_super' is assigned a value but never used                                no-unused-vars
  11918:48  warning  'orientation' is defined but never used                                    no-unused-vars
  11918:61  warning  'endpointStyle' is defined but never used                                  no-unused-vars
  11918:76  warning  'connectorPaintStyle' is defined but never used                            no-unused-vars
  11934:32  warning  'style' is defined but never used                                          no-unused-vars
  11934:39  warning  'anchor' is defined but never used                                         no-unused-vars
  11967:76  warning  'connectorPaintStyle' is defined but never used                            no-unused-vars
  11996:27  warning  'instance' is defined but never used                                       no-unused-vars
  11996:37  warning  'component' is defined but never used                                      no-unused-vars
  12065:43  warning  'component' is defined but never used                                      no-unused-vars
  12229:17  warning  'jsPlumb' is not defined                                                   no-undef
  12336:37  warning  'component' is defined but never used                                      no-unused-vars
  12346:29  warning  'containerExtents' is defined but never used                               no-unused-vars
  12374:37  warning  'params' is defined but never used                                         no-unused-vars
  12387:42  warning  'currentConnectionPaintStyle' is defined but never used                    no-unused-vars
  12431:13  warning  'labelWidth' is assigned a value but never used                            no-unused-vars
  12431:32  warning  'labelHeight' is assigned a value but never used                           no-unused-vars
  12431:52  warning  'labelText' is assigned a value but never used                             no-unused-vars
  12431:70  warning  'labelPadding' is assigned a value but never used                          no-unused-vars
  12521:1   warning  Unnecessary semicolon                                                      no-extra-semi
  12924:35  warning  'conn' is defined but never used                                           no-unused-vars
  12924:41  warning  'endpointIndex' is defined but never used                                  no-unused-vars
  12928:37  warning  'conn' is defined but never used                                           no-unused-vars
  12928:43  warning  'endpointIndex' is defined but never used                                  no-unused-vars
  12941:56  warning  'jsPlumb' is not defined                                                   no-undef
  12977:38  warning  '_el' is defined but never used                                            no-unused-vars
  12977:43  warning  'targetGroup' is defined but never used                                    no-unused-vars
  13029:29  warning  'jsPlumbUtil' is not defined                                               no-undef
  13385:1   warning  Unnecessary semicolon                                                      no-extra-semi
  13401:41  warning  'lastOrientation' is assigned a value but never used                       no-unused-vars
  13405:13  warning  'loopbackRadius' is assigned a value but never used                        no-unused-vars
  13406:13  warning  'isLoopbackCurrently' is assigned a value but never used                   no-unused-vars
  13750:1   warning  Unnecessary semicolon                                                      no-extra-semi
  13759:13  warning  'curviness' is assigned a value but never used                             no-unused-vars
  13761:13  warning  'proximityLimit' is assigned a value but never used                        no-unused-vars
  13764:13  warning  'isLoopbackCurrently' is assigned a value but never used                   no-unused-vars
  13903:1   warning  Unnecessary semicolon                                                      no-extra-semi
  13998:13  warning  'clockwise' is assigned a value but never used                             no-unused-vars
  14098:1   warning  Unnecessary semicolon                                                      no-extra-semi
  14105:30  warning  'params' is defined but never used                                         no-unused-vars
  14109:46  warning  '_' is defined but never used                                              no-unused-vars
  14130:1   warning  Unnecessary semicolon                                                      no-extra-semi
  14535:35  warning  'style' is defined but never used                                          no-unused-vars
  14558:35  warning  'style' is defined but never used                                          no-unused-vars
  14594:13  warning  'self' is assigned a value but never used                                  no-unused-vars
  14755:1   warning  Unnecessary semicolon                                                      no-extra-semi
  14950:39  warning  'jsPlumb' is not defined                                                   no-undef
  14979:29  warning  'jsPlumb' is not defined                                                   no-undef
  14986:38  warning  Do not access Object.prototype method 'hasOwnProperty' from target object  no-prototype-builtins
  14987:39  warning  'jsPlumb' is not defined                                                   no-undef
  15054:40  warning  Do not access Object.prototype method 'hasOwnProperty' from target object  no-prototype-builtins
  15145:22  warning  'jsPlumb' is not defined                                                   no-undef
  15150:24  warning  'jsPlumb' is not defined                                                   no-undef
  15276:26  warning  Do not access Object.prototype method 'hasOwnProperty' from target object  no-prototype-builtins
  15289:13  warning  'jsPlumb' is not defined                                                   no-undef
  15294:18  warning  'jsPlumb' is not defined                                                   no-undef
  15303:13  warning  'jsPlumb' is not defined                                                   no-undef
  15308:17  warning  'jsPlumb' is not defined                                                   no-undef
  15309:17  warning  'jsPlumb' is not defined                                                   no-undef
  15311:17  warning  'jsPlumb' is not defined                                                   no-undef
  15315:13  warning  'jsPlumb' is not defined                                                   no-undef
  15321:17  warning  'jsPlumb' is not defined                                                   no-undef
  15359:18  warning  'jsPlumb' is not defined                                                   no-undef
  15407:22  warning  'jsPlumb' is not defined                                                   no-undef
  15512:20  warning  'jsPlumb' is not defined                                                   no-undef
  15526:13  warning  'jsPlumb' is not defined                                                   no-undef
  15538:18  warning  'jsPlumb' is not defined                                                   no-undef
  15541:25  warning  'jsPlumb' is not defined                                                   no-undef
  15543:35  warning  'jsPlumb' is not defined                                                   no-undef
  15544:30  warning  'jsPlumb' is not defined                                                   no-undef
  15545:45  warning  'jsPlumb' is not defined                                                   no-undef
  15546:45  warning  'jsPlumb' is not defined                                                   no-undef
  15547:46  warning  'jsPlumb' is not defined                                                   no-undef
  15663:36  warning  'el' is defined but never used                                             no-unused-vars
  15663:40  warning  'options' is defined but never used                                        no-unused-vars
  15666:36  warning  'el' is defined but never used                                             no-unused-vars
  15666:40  warning  'options' is defined but never used                                        no-unused-vars
  15682:45  warning  'zoom' is defined but never used                                           no-unused-vars
  15722:33  warning  'spec' is defined but never used                                           no-unused-vars
  15731:31  warning  'spec' is defined but never used                                           no-unused-vars
  15740:38  warning  'posseId' is defined but never used                                        no-unused-vars
  15799:23  warning  'el' is defined but never used                                             no-unused-vars
  15799:27  warning  'event' is defined but never used                                          no-unused-vars
  15799:34  warning  'callback' is defined but never used                                       no-unused-vars
  15808:24  warning  'el' is defined but never used                                             no-unused-vars
  15808:28  warning  'event' is defined but never used                                          no-unused-vars
  15808:35  warning  'callback' is defined but never used                                       no-unused-vars

✖ 3663 problems (0 errors, 3663 warnings)
  0 errors and 18 warnings potentially fixable with the `--fix` option.

